,stock_name,ticker
1,A&W Revenue Rylty Un,TSE:AW.UN
2,Aberdeen Asia-Pacifc,TSE:FAP
3,Aberdeen Int'l. J,TSE:AAB
4,Absolute Software J,TSE:ABT
5,Acadian Timber Corp.,TSE:ADN
6,Acasta Entrpr A RV J,TSE:AEF.A
7,Acasta Entrpr Wt J,TSE:AEF.WT
8,Accord Financial,TSE:ACD
9,Acerus Pharma Corp J,TSE:ASP
10,ACTIVEnergy Incm Un,TSE:AEU.UN
11,ADF Group Inc. SV,TSE:DRX
12,,
1,Advantage Oil & Gas,TSE:AAV
2,Advntg Cdn HiYld Bnd,TSE:AHY.UN
3,Aecon Group Inc.,TSE:ARE
4,Aecon Group 5.5% Deb,TSE:ARE.DB.B
5,AEterna Zentaris Inc,TSE:AEZ
6,Africa Oil Corp. J,TSE:AOI
7,Ag Growth Int'l Inc.,TSE:AFN
8,Ag Growth IntlConvDb,TSE:AFN.DB.A
9,Ag Growth Intl ExtDb,TSE:AFN.DB.B
10,Ag Growth Intl2020Db,TSE:AFN.DB.C
11,Agellan Commercl Un,TSE:ACR.UN
12,AGF Management B NV,TSE:AGF.B
13,AgJunction Inc.,TSE:AJX
14,Agnico Eagle Mines,TSE:AEM
15,,
1,Agrium Inc.,TSE:AGU
2,AGT Food&Ingredients,TSE:AGT
3,Aimia Inc.,TSE:AIM
4,Aimia Inc. Ser 1 Pr,TSE:AIM.PR.A
5,Aimia Inc. Ser 2 Pr,TSE:AIM.PR.B
6,Aimia Inc. Ser 3 Pr,TSE:AIM.PR.C
7,Air Canada Vote & VV,TSE:AC
8,Airboss of America J,TSE:BOS
9,Akita Drill Cl A NV,TSE:AKT.A
10,Akita Drilling Cl B,TSE:AKT.B
11,Alacer Gold Corp. J,TSE:ASR
12,Alamos Gold Inc. J,TSE:AGI
13,Alamos Gold Inc Wt J,TSE:AGI.WT
14,Alamos Gold Wt A J,TSE:AGI.WT.A
15,Alaris Royalty Corp.,TSE:AD
16,AlarmForce Ind J,TSE:AF
17,,
1,Alderon Iron Ore J,TSE:ADV
2,Alexco Resource J,TSE:AXR
3,Algoma Central Corp,TSE:ALC
4,Algoma Central 6% Db,TSE:ALC.DB
5,Algonquin Pwr & Util,TSE:AQN
6,Algonquin Pwr&U Rec,TSE:AQN.IR
7,Algonquin Pwr A Pr,TSE:AQN.PR.A
8,Algonquin Pwr D Pr,TSE:AQN.PR.D
9,Alignvst Aquis A JRV,TSE:AQX.A
10,Alignvest Aquis Wt J,TSE:AQX.WT
11,Alimentation Cl A MV,TSE:ATD.A
12,Alimentation Cl B SV,TSE:ATD.B
13,Allbanc Split A Cap,TSE:ABK.A
14,Allbanc Split Pr C,TSE:ABK.PR.C
15,Allbanc Splt 2 Cap A,TSE:ALB
16,Allbanc Splt II Pr 2,TSE:ALB.PR.C
17,Allied Prop. REIT Un,TSE:AP.UN
18,Almaden Minerals,TSE:AMM
19,,
1,AltaGas Ltd.,TSE:ALA
2,AltaGas Ltd Sr A Pr,TSE:ALA.PR.A
3,AltaGas Ltd Sr B Pr,TSE:ALA.PR.B
4,AltaGas Ltd Sr E Pr,TSE:ALA.PR.E
5,AltaGas Ltd Sr G Pr,TSE:ALA.PR.G
6,AltaGas Ltd Sr I Pr,TSE:ALA.PR.I
7,AltaGas Ltd C Pr USF,TSE:ALA.PR.U
8,Alterra Power Corp J,TSE:AXY
9,Altius Minerals Corp,TSE:ALS
10,Altus Group Limited,TSE:AIF
11,Altus Group 6.75% Db,TSE:AIF.DB.A
12,Amaya Inc. J,TSE:AYA
13,Americn CoreSecDivUn,TSE:ACZ.UN
14,American Hotl LP Un,TSE:HOT.UN
15,Americas Silver J,TSE:USA
16,Amerigo Resources J,TSE:ARG
17,Anaconda Mining J,TSE:ANX
18,,
1,Andrew Peller A NV,TSE:ADW.A
2,Andrew Peller Ltd. B,TSE:ADW.B
3,Anglo Pacific Ord,TSE:APY
4,Aptose Biosciences,TSE:APS
5,Aquila Resources J,TSE:AQA
6,Aralez PharmaceutclJ,TSE:ARZ
7,ARC Resources Ltd.,TSE:ARX
8,Argex Titanium Inc J,TSE:RGX
9,Argex Titanium Deb J,TSE:RGX.DB
10,Argonaut Gold Inc. J,TSE:AR
11,Aritzia Inc. SV,TSE:ATZ
12,Arizona Mining Inc J,TSE:AZ
13,,
1,Artis REIT G US Deb,TSE:AX.DB.U
2,Artis REIT Ser A Pr,TSE:AX.PR.A
3,Artis REIT Ser E Pr,TSE:AX.PR.E
4,Artis REIT Ser G Pr,TSE:AX.PR.G
5,Artis REIT Pr C US,TSE:AX.PR.U
6,Artis REIT Un,TSE:AX.UN
7,Asanko Gold Inc. J,TSE:AKG
8,Aston Hill AdvBnd Un,TSE:MBB.UN
9,Aston Hill Advntg Un,TSE:AOG.UN
10,Aston Hill AdvVIP Un,TSE:AV.UN
11,Aston Hill Fin J,TSE:AHF
12,Aston HillFin 6.5DbJ,TSE:AHF.DB.A
13,AstonHill VIP IncmUn,TSE:VIP.UN
14,Atalaya Mining Ord J,TSE:AYM
15,ATCO Ltd. Cl I NV,TSE:ACO.X
16,ATCO Ltd. Cl II,TSE:ACO.Y
17,Athabasca Oil Corp J,TSE:ATH
18,,
1,Atlantic Power,TSE:ATP
2,Atlantic Pwr 6% Db D,TSE:ATP.DB.D
3,Atlantic Pwr5.75USDb,TSE:ATP.DB.U
4,Atlantic Pwr Eq Pr 1,TSE:AZP.PR.A
5,Atlantic Pwr Eq Pr 2,TSE:AZP.PR.B
6,Atlantic Pwr Eq Pr 3,TSE:AZP.PR.C
7,Atlatsa Res Corp. J,TSE:ATL
8,Atrium Mtg Invest,TSE:AI
9,Atrium Mtg Inv5.25Db,TSE:AI.DB
10,Atrium Mtg Inv6.25Db,TSE:AI.DB.A
11,Atrium Mtg Inv 5.5Db,TSE:AI.DB.B
12,ATS Automation Tool,TSE:ATA
13,Aura Minerals Inc. J,TSE:ORA
14,Aureus Mining Inc. J,TSE:AUE
15,AuRico Metals Inc. J,TSE:AMI
16,Aurinia Pharma Inc J,TSE:AUP
17,Auryn Resources Inc.,TSE:AUG
18,,
1,Australia BncIncm Un,TSE:AUI.UN
2,Australian REIT A Un,TSE:HRR.UN
3,AutoCanada Inc.,TSE:ACQ
4,Automotive Ppty Un,TSE:APR.UN
5,Avalon Advncd Mtrl J,TSE:AVL
6,Avcorp Industries,TSE:AVP
7,Avigilon Corporation,TSE:AVO
8,Avnel Gold Mining J,TSE:AVK
9,Azarga Uranium A J,TSE:AZZ
10,,
1,B2Gold Corp. J,TSE:BTO
2,Badger Daylighting,TSE:BAD
3,Ballard Power Sys,TSE:BLD
4,Balmoral Resources J,TSE:BAR
5,Bank of Montreal,TSE:BMO
6,Bk of Mon Pr Ser 26,TSE:BMO.PR.A
7,Bk of Mon Pr Ser 38,TSE:BMO.PR.B
8,Bk of Mon Pr Ser 14,TSE:BMO.PR.K
9,Bk of Mon Pr Ser 15,TSE:BMO.PR.L
10,Bk of Mon Pr Ser 16,TSE:BMO.PR.M
11,Bk of Mon Pr Ser 25,TSE:BMO.PR.Q
12,Bk of Mon Pr Ser 17,TSE:BMO.PR.R
13,Bk of Mon Pr Ser 27,TSE:BMO.PR.S
14,Bk of Mon Pr Ser 29,TSE:BMO.PR.T
15,Bk of Mon Pr Ser 31,TSE:BMO.PR.W
16,Bk of Mon Pr Ser 33,TSE:BMO.PR.Y
17,Bk of Mon Pr Ser 35,TSE:BMO.PR.Z
18,Bank of Nova Scotia,TSE:BNS
19,Bank of N S Sr 19 Pr,TSE:BNS.PR.A
20,Bank of N S Sr 21 Pr,TSE:BNS.PR.B
21,Bank of N S Sr 23 Pr,TSE:BNS.PR.C
22,Bank of N S Sr 31 Pr,TSE:BNS.PR.D
23,Bank of N S Sr 34 Pr,TSE:BNS.PR.E
24,Bank of N S Sr 33 Pr,TSE:BNS.PR.F
25,Bank of N S Sr 36 Pr,TSE:BNS.PR.G
26,Bank of N S Sr 38 Pr,TSE:BNS.PR.H
27,Bank of N S Sr 16 Pr,TSE:BNS.PR.N
28,Bank of N S Sr 17 Pr,TSE:BNS.PR.O
29,Bank of N S Sr 18 Pr,TSE:BNS.PR.P
30,Bank of N S Sr 20 Pr,TSE:BNS.PR.Q
31,Bank of N S Sr 22 Pr,TSE:BNS.PR.R
32,Bank of N S Sr 30 Pr,TSE:BNS.PR.Y
33,Bank of N S Sr 32 Pr,TSE:BNS.PR.Z
34,Banro Corporation J,TSE:BAA
35,Barclays Bank NtI-28,TSE:BXS.DB.C
36,Barrick Gold Corp,TSE:ABX
37,Baylin Tech Inc. J,TSE:BYL
38,,
1,BMO Sh-Trm US CrpBnd,TSE:ZSU
2,BMO Ultra ShrtBnd Un,TSE:ZST
3,BMO USDiv ETF CAD Un,TSE:ZDY
4,BMO USDiv ETF USD Un,TSE:ZDY.U
5,BMO USDiv Hdg-Cad Un,TSE:ZUD
6,BMO US HighDivCov Un,TSE:ZWH
7,BMO US HighDivCov US,TSE:ZWH.U
8,BMO US Put Write CAD,TSE:ZPW
9,BMO US Put Write USD,TSE:ZPW.U
10,BMTC Group Inc.,TSE:GBT
11,BNK Petroleum Inc. J,TSE:BKX
12,BNS Split Corp. II A,TSE:BSC
13,BNS Split II Pr 2,TSE:BSC.PR.C
14,Boardwalk REIT Un,TSE:BEI.UN
15,,
1,Bombardier Cl A MV,TSE:BBD.A
2,Bombardier Cl B SV,TSE:BBD.B
3,Bombardier Ser 2 Pr,TSE:BBD.PR.B
4,Bombardier 6.25% Pr,TSE:BBD.PR.C
5,Bombardier Ser 3 Pr,TSE:BBD.PR.D
6,Bonavista Energy,TSE:BNP
7,Bonterra Energy Corp,TSE:BNE
8,Boralex Inc. Cl A,TSE:BLX
9,Boralex Inc 4.5% Deb,TSE:BLX.DB.A
10,Boston Pizza Fnd Un,TSE:BPF.UN
11,Boyd Grp Fnd 5.25 DB,TSE:BYD.DB.A
12,Boyd Group Fnd Tr Un,TSE:BYD.UN
13,Boyuan Constr J,TSE:BOY
14,Boyuan Constr Deb J,TSE:BOY.DB.A
15,Brampton Brick A SV,TSE:BBL.A
16,Brand Leaders Fnd Un,TSE:HBL.UN
17,Brand Lead+Incm A Un,TSE:HBF
18,Brand Lead+IncmUS Un,TSE:HBF.U
19,,
1,Bri-Chem Corp.,TSE:BRY
2,Brick Brewing J,TSE:BRB
3,Brompton Life Splt A,TSE:LCS
4,Brompton LifeSplt Pr,TSE:LCS.PR.A
5,Brompton Oil Splt A,TSE:OSP
6,Brompton Oil Splt Pr,TSE:OSP.PR.A
7,Brompton Splt Banc A,TSE:SBC
8,Brompton Splt Bnc Pr,TSE:SBC.PR.A
9,Brookfld Asset A LV,TSE:BAM.A
10,Brookfld Asset Pr 32,TSE:BAM.PF.A
11,Brookfld Asset Pr 34,TSE:BAM.PF.B
12,Brookfld Asset Pr 36,TSE:BAM.PF.C
13,Brookfld Asset Pr 37,TSE:BAM.PF.D
14,Brookfld Asset Pr 38,TSE:BAM.PF.E
15,Brookfld Asset Pr 40,TSE:BAM.PF.F
16,Brookfld Asset Pr 42,TSE:BAM.PF.G
17,Brookfld Asset Pr 44,TSE:BAM.PF.H
18,Brookfld Asset Pr 2,TSE:BAM.PR.B
19,Brookfld Asset Pr 4,TSE:BAM.PR.C
20,Brookfld Asset Pr 8,TSE:BAM.PR.E
21,Brookfld Asset Pr 9,TSE:BAM.PR.G
22,Brookfld Asset Pr 13,TSE:BAM.PR.K
23,Brookfld Asset Pr 17,TSE:BAM.PR.M
24,Brookfld Asset Pr 18,TSE:BAM.PR.N
25,Brookfld Asset Pr 24,TSE:BAM.PR.R
26,Brookfld Asset Pr 25,TSE:BAM.PR.S
27,Brookfld Asset Pr 26,TSE:BAM.PR.T
28,Brookfld Asset Pr 28,TSE:BAM.PR.X
29,Brookfld Asset Pr 30,TSE:BAM.PR.Z
30,Brookfield Bus LP Un,TSE:BBU.UN
31,Brookfld Cda Office,TSE:BOX.UN
32,Brkfld GlbInfras Sec,TSE:BGI.UN
33,Brookfield HiYldStgy,TSE:BHY.UN
34,,
1,Brookfield InfrasPr1,TSE:BIP.PR.A
2,Brookfield InfrasPr3,TSE:BIP.PR.B
3,Brookfield InfrasPr5,TSE:BIP.PR.C
4,Brookfield Infras Un,TSE:BIP.UN
5,Brookfld Office PrAA,TSE:BPO.PR.A
6,Brookfld Office PrCC,TSE:BPO.PR.C
7,Brookfld Office Pr J,TSE:BPO.PR.J
8,Brookfld Office Pr K,TSE:BPO.PR.K
9,Brookfld Office Pr N,TSE:BPO.PR.N
10,Brookfld Office Pr P,TSE:BPO.PR.P
11,Brookfld Office Pr R,TSE:BPO.PR.R
12,Brookfld Office Pr S,TSE:BPO.PR.S
13,Brookfld Office Pr T,TSE:BPO.PR.T
14,Brookfld Off US Pr G,TSE:BPO.PR.U
15,Brookfld Office Pr W,TSE:BPO.PR.W
16,Brookfld Office Pr V,TSE:BPO.PR.X
17,Brookfld Office Pr Y,TSE:BPO.PR.Y
18,Brookfld Ppty LP Un,TSE:BPY.UN
19,Brookfld Ppty Pr 2,TSE:BPS.PR.A
20,Brookfld Ppty Pr 3,TSE:BPS.PR.B
21,Brookfld Ppty Pr 4,TSE:BPS.PR.C
22,Brookfld Pty Pr 1 US,TSE:BPS.PR.U
23,Brookfield Rl Est RV,TSE:BRE
24,Brookfield Renew Pr5,TSE:BEP.PR.E
25,Brookfield Renew Pr7,TSE:BEP.PR.G
26,Brookfield Renew Pr9,TSE:BEP.PR.I
27,Brookfield Renew Un,TSE:BEP.UN
28,Brookfld Renew Pr 1,TSE:BRF.PR.A
29,Brookfld Renew Pr 2,TSE:BRF.PR.B
30,Brookfld Renew Pr 3,TSE:BRF.PR.C
31,Brookfld Renew Pr 5,TSE:BRF.PR.E
32,Brookfld Renew Pr 6,TSE:BRF.PR.F
33,Brookfld Selct Oppor,TSE:BSO.UN
34,Brookfld Snd Eqty Un,TSE:BSE.UN
35,Brookfield Sndvst Pr,TSE:BSD.PR.A
36,Brookfld Sndvest Cap,TSE:BSD.UN
37,,
1,BRP Inc. SV,TSE:DOO
2,BSM Tech Inc. J,TSE:GPS
3,BTB REIT 6.9% E Deb,TSE:BTB.DB.E
4,BTB REIT 7.15% F Deb,TSE:BTB.DB.F
5,BTB REIT Un,TSE:BTB.UN
6,Buhler Industries,TSE:BUI
7,Burcon NutraSci J,TSE:BU
8,,
1,Baytex Energy Corp.,TSE:BTE
2,BCE Inc.,TSE:BCE
3,BCE Inc. Pr Ser AA,TSE:BCE.PR.A
4,BCE Inc. Pr Ser AB,TSE:BCE.PR.B
5,BCE Inc. Pr Ser AC,TSE:BCE.PR.C
6,BCE Inc. Pr Ser AD,TSE:BCE.PR.D
7,BCE Inc. Pr Ser AE,TSE:BCE.PR.E
8,BCE Inc. Pr Ser AF,TSE:BCE.PR.F
9,BCE Inc. Pr Ser AG,TSE:BCE.PR.G
10,BCE Inc. Pr Ser AH,TSE:BCE.PR.H
11,BCE Inc. Pr Ser AI,TSE:BCE.PR.I
12,BCE Inc. Pr Ser AJ,TSE:BCE.PR.J
13,BCE Inc. Pr Ser AK,TSE:BCE.PR.K
14,BCE Inc. Pr Ser AM,TSE:BCE.PR.M
15,BCE Inc. Pr Ser AN,TSE:BCE.PR.N
16,BCE Inc. Pr Ser AO,TSE:BCE.PR.O
17,BCE Inc. Pr Ser AQ,TSE:BCE.PR.Q
18,BCE Inc. Pr Ser R,TSE:BCE.PR.R
19,BCE Inc. Pr Ser S,TSE:BCE.PR.S
20,BCE Inc. Pr Ser T,TSE:BCE.PR.T
21,BCE Inc. Pr Series Y,TSE:BCE.PR.Y
22,BCE Inc. Pr Series Z,TSE:BCE.PR.Z
23,Becker Milk Cl B NV,TSE:BEK.B
24,Bellatrix Expl Ltd.,TSE:BXE
25,Bellatrix Expl Deb,TSE:BXE.DB
26,BELLUS Health Inc.,TSE:BLU
27,Belo Sun Mining J,TSE:BSX
28,Bengal Energy Ltd. J,TSE:BNG
29,Big 8 Split Cl D Cap,TSE:BIG.D
30,Big 8 Split Inc Pr D,TSE:BIG.PR.D
31,Big Bank Big Oil Cap,TSE:BBO
32,Big Bank Big Oil Pr,TSE:BBO.PR.A
33,Big Rock Brewery Inc,TSE:BR
34,,
1,BIOX Corporation J,TSE:BX
2,Birchcliff Energy,TSE:BIR
3,Birchcliff Engy Pr A,TSE:BIR.PR.A
4,Birchcliff Engy Pr C,TSE:BIR.PR.C
5,Bird Construction,TSE:BDT
6,Black Diamond Group,TSE:BDI
7,Black Iron Inc. J,TSE:BKI
8,BlackBerry Limited,TSE:BB
9,BlackPearl Res Inc J,TSE:PXX
10,Bloom Select Incm Un,TSE:BLB.UN
11,Bloom US Incm&Gro Un,TSE:BUA.UN
12,Blue Ribbon Incm Un,TSE:RBN.UN
13,,
1,BMO AggregateBnd ETF,TSE:ZAG
2,BMO Cdn Dividend Un,TSE:ZDV
3,BMO China Eq Idx ETF,TSE:ZCH
4,BMO Coverd CallCdnBk,TSE:ZWB
5,BMO DJ IndustAvg Un,TSE:ZWA
6,BMO CoverdUtility Un,TSE:ZWU
7,BMO Discount Bnd Un,TSE:ZDB
8,BMO DJ IndAv Heg ETF,TSE:ZDJ
9,BMO Em Mkt Bond HED,TSE:ZEF
10,BMO Eql Wgt REITs Un,TSE:ZRE
11,,
1,BMO Eq Wgt US Banks,TSE:ZUB
2,BMO EqlWght US BkCAD,TSE:ZBK
3,BMO EqWgt US Health,TSE:ZUH
4,BMO Eql Wgt Util ETF,TSE:ZUT
5,BMO Eq LnkCorpBnd Un,TSE:ZEL
6,BMO EU DivCovCal C-H,TSE:ZWE
7,BMO Fltg RtHi Yld Un,TSE:ZFH
8,BMO Gbl Infrastr ETF,TSE:ZGI
9,BMO HY US CrpHdg ETF,TSE:ZHY
10,BMO India Eq Idx ETF,TSE:ZID
11,,
1,BMO Int'l Div CAD Un,TSE:ZDI
2,BMO Intl DivHg-CA Un,TSE:ZDH
3,BMO Junior Gas ETF,TSE:ZJN
4,BMO Junior Gold ETF,TSE:ZJG
5,BMO Junior Oil ETF,TSE:ZJO
6,BMO Laddered Pr Indx,TSE:ZPR
7,BMO Long Crp Bnd ETF,TSE:ZLC
8,BMO Lng Federal Bond,TSE:ZFL
9,BMO LngProvBndCad Un,TSE:ZPL
10,BMO Volatlty Cad Un,TSE:ZLB
11,,
1,BMO LwVoltyEqCAD Un,TSE:ZLE
2,BMO LowVolIntl Eq Un,TSE:ZLI
3,BMO LwVol IntlEq H-C,TSE:ZLD
4,BMO LwVltyUSEq CADUn,TSE:ZLU
5,BMO LwVltyUSEq US Un,TSE:ZLU.U
6,BMO LowVol US Eq H-C,TSE:ZLH
7,BMO Mid Crp Bond ETF,TSE:ZCM
8,BMO Mid Fed Bnd Indx,TSE:ZFM
9,BMO MidProvBnd CadUn,TSE:ZMP
10,BMO MidUS IG HegBnd,TSE:ZMU
11,BMO MidUSCrpBndCA Un,TSE:ZIC
12,BMO MidUS CrpBnd USF,TSE:ZIC.U
13,,
1,BMO Monthly Incm Un,TSE:ZMI
2,BMO MSCI AllCntryWrl,TSE:ZGQ
3,BMO MSCI EAFE HegCAD,TSE:ZDM
4,BMO MSCI EAFE Idx Un,TSE:ZEA
5,BMO MSCI EmrgMkts Un,TSE:ZEM
6,BMO MSCI EU HiQltyUn,TSE:ZEQ
7,BMO MSCI US HiQltyUn,TSE:ZUQ
8,BMO Nasdaq EqHed ETF,TSE:ZQQ
9,BMO Rl Return Bond,TSE:ZRR
10,BMO S&P 500 Hedg-CAD,TSE:ZUE
11,,
1,BMO S&P500 IdxCAD Un,TSE:ZSP
2,BMO S&P500 Idx US Un,TSE:ZSP.U
3,BMO S&P/TSX CompIndx,TSE:ZCN
4,BMO Eql Wgt Bank ETF,TSE:ZEB
5,BMO EW GblMtl Hd ETF,TSE:ZMT
6,BMO S&P/TSX EqGld Un,TSE:ZGD
7,BMO S&P/TSX EqInd Un,TSE:ZIN
8,BMO EqWgt Oil&GasETF,TSE:ZEO
9,BMO Shrt Crp Bnd ETF,TSE:ZCS
10,BMO Shrt Fed Bnd ETF,TSE:ZFS
11,BMO Shrt Prv Bnd ETF,TSE:ZPS
12,,
1,CAE Inc.,TSE:CAE
2,Caldwell Partners,TSE:CWL
3,Caldwell US Div Un,TSE:UDA.UN
4,Caledonia Mining Plc,TSE:CAL
5,Calfrac Well Serv,TSE:CFW
6,Calian Group Ltd.,TSE:CGY
7,Callidus Cap Corp,TSE:CBL
8,Cameco Corporation,TSE:CCO
9,Canaccord Genuity,TSE:CF
10,Canaccord Gen A Pr,TSE:CF.PR.A
11,Canaccord Gen C Pr,TSE:CF.PR.C
12,Canacol Energy J,TSE:CNE
13,,
1,"Coeur Mining, Inc Wt",TSE:CDM.WT
2,Cogeco Commun Inc SV,TSE:CCA
3,Cogeco Inc. SV,TSE:CGO
4,Colabor Group Inc.,TSE:GCL
5,Colabor Grp 5.7% Deb,TSE:GCL.DB.A
6,Colliers International Group Inc.,TSE:CIGI
7,Columbus Gold Corp J,TSE:CGT
8,Cominar Real Est Un,TSE:CUF.UN
9,Commerce Split Cap,TSE:YCM
10,Commerce Split I Pr,TSE:YCM.PR.A
11,Commerce Split II Pr,TSE:YCM.PR.B
12,COMPASS Incm Fund Un,TSE:CMZ.UN
13,Computer Modelling J,TSE:CMG
14,,
1,Concordia Int'l J,TSE:CXR
2,Condor Petroleum J,TSE:CPI
3,Conifex Timber Inc.,TSE:CFF
4,Cons HCI Hldgs Cl B,TSE:CXA.B
5,Constellation Softwr,TSE:CSU
6,Constellation Deb 1,TSE:CSU.DB
7,Continental Gold J,TSE:CNL
8,Continental A Wt J,TSE:CNL.WT.A
9,Contl Precious Min J,TSE:CZQ
10,Copper Mountain J,TSE:CUM
11,Corby Spirit&Wine A,TSE:CSW.A
12,Corby Spirit&Wn B NV,TSE:CSW.B
13,Core Cdn Dividend Un,TSE:CDD.UN
14,,
1,Coro Mining Corp. J,TSE:COP
2,Corridor Resources,TSE:CDH
3,Corus Entertnmnt B,TSE:CJR.B
4,Corvus Gold Inc. J,TSE:KOR
5,Cott Corporation,TSE:BCB
6,CounterPath Corporation,TSE:PATH
7,CPI Card Group Inc.,TSE:PNT
8,Crescent Point Corp.,TSE:CPG
9,Crescita Therpeutc J,TSE:CTX
10,Crew Energy Inc.,TSE:CR
11,,
1,CRH Medical Corp. J,TSE:CRH
2,Critical Control J,TSE:CCZ
3,Crius Energy Tr Un,TSE:KWH.UN
4,Crombie REIT 5% Deb,TSE:CRR.DB.D
5,Crombie REIT 5.25 Db,TSE:CRR.DB.E
6,Crombie Real Est Un,TSE:CRR.UN
7,Crosswinds Hldgs J,TSE:CWI
8,Crown Cap Partners J,TSE:CRN
9,CT Rl Est Invest Un,TSE:CRT.UN
10,CU Inc. Pr Ser 1,TSE:CIU.PR.A
11,CU Inc. Pr Ser 4,TSE:CIU.PR.C
12,Currency Exch Intl J,TSE:CXI
13,Cymbria Corp Cl A NV,TSE:CYB
14,,
1,Cdn 50 Advan Pref Un,TSE:CPF.UN
2,Cdn Apartment Tr Un,TSE:CAR.UN
3,Cdn Banc Corp Cl 'A',TSE:BK
4,Cdn Banc Corp. Pr,TSE:BK.PR.A
5,Cdn Convert Plus Un,TSE:CCI.UN
6,Cdn Crude Oil Idx Un,TSE:CCX
7,Cdn Energy Serv&Tech,TSE:CEU
8,Canadian General Inv,TSE:CGI
9,Cdn General 3.75% Pr,TSE:CGI.PR.D
10,Cdn High Incm Eq Un,TSE:CIQ.UN
11,Cdn Imperial Bank,TSE:CM
12,Cdn Imp Bk Ser 39 Pr,TSE:CM.PR.O
13,Cdn Imp Bk Ser 41 Pr,TSE:CM.PR.P
14,Cdn Imp Bk Ser 43 Pr,TSE:CM.PR.Q
15,Cdn Life Co Split A,TSE:LFE
16,Cdn Life CoSplt Pr12,TSE:LFE.PR.B
17,,
1,Cdn Nat'l Railway,TSE:CNR
2,Cdn Natrl Gas Idx A,TSE:GAS
3,Canadian Natural Res,TSE:CNQ
4,Cdn Pacific Railway,TSE:CP
5,Cdn Preferred Shr Un,TSE:PFT.UN
6,Cdn Real Estate Un,TSE:REF.UN
7,Cdn Resources Tr Un,TSE:RTU.UN
8,Canadian Tire Corp,TSE:CTC
9,Canadian Tire A NV,TSE:CTC.A
10,Cdn Util & Tel FndUn,TSE:UTE.UN
11,Cdn Utilities A NV,TSE:CU
12,Cdn Util 2nd Pr Y,TSE:CU.PR.C
13,Cdn Util 2nd Pr AA,TSE:CU.PR.D
14,Cdn Util 2nd Pr BB,TSE:CU.PR.E
15,Cdn Util 2nd Pr CC,TSE:CU.PR.F
16,Cdn Util 2nd Pr DD,TSE:CU.PR.G
17,Cdn Util 2nd Pr EE,TSE:CU.PR.H
18,Cdn Util 2nd Pr FF,TSE:CU.PR.I
19,Cdn Utilities Cl B,TSE:CU.X
20,,
1,Cdn Wstrn Bank,TSE:CWB
2,Cdn Wstrn Bk Sr 5 Pr,TSE:CWB.PR.B
3,Cdn Wstrn Bk Sr 7 Pr,TSE:CWB.PR.C
4,Cdn World Fund Ltd,TSE:CWF
5,Cdn Zinc Corp. J,TSE:CZN
6,Canam Group Inc.,TSE:CAM
7,Canarc Resource J,TSE:CCM
8,Candente Copper J,TSE:DNT
9,Canexus Corp.,TSE:CUS
10,Canexus Corp. IV Deb,TSE:CUS.DB.B
11,Canexus Corp 6% V Db,TSE:CUS.DB.C
12,Canexus Corp VI Deb,TSE:CUS.DB.D
13,Canfor Corporation,TSE:CFP
14,Canfor Pulp Products,TSE:CFX
15,Canlan Ice Sports,TSE:ICE
16,,
1,Canoe EIT Income Un,TSE:EIT.UN
2,Canopy Grwth Corp J,TSE:CGC
3,Canso Credit A Un,TSE:PBY.UN
4,Canso Slct Oppor Un,TSE:SCW.UN
5,CanWel Building Grp,TSE:CWX
6,Canyon Services Grp,TSE:FRC
7,Capital Power Corp.,TSE:CPX
8,Capital Pwr Ser 1 Pr,TSE:CPX.PR.A
9,Capital Pwr Ser 3 Pr,TSE:CPX.PR.C
10,Capital Pwr Ser 5 Pr,TSE:CPX.PR.E
11,Capital Pwr Ser 7 Pr,TSE:CPX.PR.G
12,Capstone Infr Pr A,TSE:CSE.PR.A
13,Capstone Mining J,TSE:CS
14,Cara Operations Limited,TSE:CARA
15,,
1,Cardinal Energy J,TSE:CJ
2,Cardinal Engy Deb J,TSE:CJ.DB
3,Cardiome Pharma Corp,TSE:COM
4,Cargojet Inc.,TSE:CJT
5,Cargojet Inc. VV,TSE:CJT.A
6,Cargojet Inc 5.5% Db,TSE:CJT.DB.B
7,Cargojet Inc 4.65%Db,TSE:CJT.DB.C
8,Caribbean Ut Cl A US,TSE:CUP.U
9,Carmanah Tech Corp.,TSE:CMH
10,Cascades Inc.,TSE:CAS
11,Catalyst Paper Crp J,TSE:CYT
12,Cathedral Engy Serv,TSE:CET
13,CCL Industries Cl A,TSE:CCL.A
14,CCL Industries Cl B,TSE:CCL.B
15,Celestica Inc SV,TSE:CLS
16,,
1,Cenovus Energy Inc.,TSE:CVE
2,Centamin plc. Ord,TSE:CEE
3,Centerra Gold Inc.,TSE:CG
4,Central Fund Cl A NV,TSE:CEF.A
5,Central Fund A NV US,TSE:CEF.U
6,Centric Health J,TSE:CHH
7,Centric Health Notes,TSE:CHH.NT
8,Century Glbl Cmdty J,TSE:CNT
9,Cequence Energy Ltd.,TSE:CQE
10,Ceres Global Ag Corp,TSE:CRP
11,Cervus Equipment,TSE:CVL
12,Cervus Equipmnt 6%Db,TSE:CVL.DB
13,CGI Group Cl A SV,TSE:GIB.A
14,,
1,Chalice Gold Ord J,TSE:CXN
2,Champion Iron Ord J,TSE:CIA
3,Chartwell Retire Un,TSE:CSH.UN
4,Chemtrade Logist Deb,TSE:CHE.DB
5,Chemtrade Lgst5.75Db,TSE:CHE.DB.A
6,Chemtrade Lgst5.25Db,TSE:CHE.DB.B
7,Chemtrade Lgst 5% Db,TSE:CHE.DB.C
8,Chemtrade Logistc Un,TSE:CHE.UN
9,Chesswood Group Ltd.,TSE:CHW
10,Chesswood Grp 6.5 Db,TSE:CHW.DB
11,China Gld Intl Res J,TSE:CGG
12,Chinook Energy Inc.,TSE:CKE
13,Choice Ppty REIT Un,TSE:CHP.UN
14,Chorus Aviation V&VV,TSE:CHR
15,CI Financial Corp.,TSE:CIX
16,,
1,CIBT Education Grp J,TSE:MBA
2,Cineplex Inc.,TSE:CGX
3,Cineplex Inc 4.5% Db,TSE:CGX.DB.A
4,Cipher Pharma J,TSE:CPH
5,Citadel Incm Fund Un,TSE:CTF.UN
6,Clairvest Group Inc,TSE:CVG
7,Clarke Inc.,TSE:CKI
8,ClearStream Energy,TSE:CSM
9,Clearstream 10% Deb,TSE:CSM.DB.A
10,Clearwater Seafoods,TSE:CLR
11,CNOOC Limited ADRs,TSE:CNU
12,Co-operators Sr C Pr,TSE:CCS.PR.C
13,,
1,D-Box Tech Inc. A J,TSE:DBO
2,Dalradian Res Inc. J,TSE:DNA
3,Dalradian Res Wt A J,TSE:DNA.WT.A
4,Data Commun Mgt,TSE:DCM
5,Data Commun Mgt 6%Db,TSE:DCM.DB
6,DataWind Inc. J,TSE:DW
7,DDJ High Yld Fund Un,TSE:HYB.UN
8,Delphi Energy Corp.,TSE:DEE
9,Delphi Energy 10% Nt,TSE:DEE.NT
10,Delphi Energy Wt,TSE:DEE.WT
11,Denison Mines Corp,TSE:DML
12,Descartes Systems,TSE:DSG
13,Detour Gold Corp J,TSE:DGC
14,DH Corporation,TSE:DH
15,DH Corp. 6.0% Deb,TSE:DH.DB
16,DH Corp. 5% Deb,TSE:DH.DB.A
17,,
1,DHX Media Ltd. VV,TSE:DHX.A
2,DHX Media Ltd.,TSE:DHX.B
3,Difference Cap Fin J,TSE:DCF
4,Difference Cap 8%DbJ,TSE:DCF.DB
5,DIR Industrl Ppty Db,TSE:DIN.DB
6,DirectCash Payments,TSE:DCI
7,DIRTT Env Solution J,TSE:DRT
8,Discovery Air Cl A J,TSE:DA.A
9,Discovry Air 8.375Db,TSE:DA.DB.A
10,Divers Rylty Corp. J,TSE:DIV
11,Dividend 15 Splt A,TSE:DFN
12,Dividend 15 Splt Pr,TSE:DFN.PR.A
13,Dividend 15Split 2 A,TSE:DF
14,Dividend 15Splt 2 Pr,TSE:DF.PR.A
15,Div Growth Splt Cl A,TSE:DGS
16,Div Growth Split Pr,TSE:DGS.PR.A
17,,
1,Dividend Select 15Eq,TSE:DS
2,Dollarama Inc.,TSE:DOL
3,Dominion Citrus Income Fund,TSE:DOM
4,Dominion Diamond,TSE:DDC
5,Domtar Corporation,TSE:UFS
6,Dorel Ind Inc A MV,TSE:DII.A
7,Dorel Ind Inc B SV,TSE:DII.B
8,Dorel Ind 5.5% Db US,TSE:DII.DB.U
9,DoubleLine Incm A Un,TSE:DSL.UN
10,DragonWave Inc.,TSE:DWI
11,Dream Global REIT Un,TSE:DRG.UN
12,Dream Hrd AsetAlt Un,TSE:DRA.UN
13,,
1,Dream Indust 5.25 Db,TSE:DIR.DB
2,Dream Industrl REIT,TSE:DIR.UN
3,Dream Office REIT Un,TSE:D.UN
4,DREAM Unltd Cl A SV,TSE:DRM
5,DREAM Unltd 1st Pr,TSE:DRM.PR.A
6,Dundee Acquis A RV,TSE:DAQ.A
7,Dundee Acquis Wt,TSE:DAQ.WT
8,Dundee Corp. Cl A SV,TSE:DC.A
9,Dundee Corp. Pr 2,TSE:DC.PR.B
10,Dundee Corp 1st Pr 3,TSE:DC.PR.D
11,Dundee Corp Pr 5,TSE:DC.PR.E
12,Dundee Corp Wt,TSE:DC.WT
13,Dundee Energy Ltd. J,TSE:DEN
14,Dundee Precious Mtl,TSE:DPM
15,DXI Energy Inc J,TSE:DXI
16,Dynacor Gold Mines J,TSE:DNG
17,Dynasty Metals Inc J,TSE:DMM
18,,
1,E-L Financial Corp.,TSE:ELF
2,E-L Financial 1st Pr,TSE:ELF.PR.F
3,E-L Financl 4.75 Pr2,TSE:ELF.PR.G
4,E-L Financl 5.5 Pr 3,TSE:ELF.PR.H
5,Eagle Energy Inc. J,TSE:EGL
6,East Coast InvGrd Un,TSE:ECF.UN
7,Eastern Platinum J,TSE:ELR
8,Eastmain Resources J,TSE:ER
9,Echelon Fin Hldgs,TSE:EFH
10,Eclipse ResidntMtg A,TSE:ERM
11,ECN Capital Corp.,TSE:ECN
12,Eco Oro Minerals J,TSE:EOM
13,eCobalt Solutions J,TSE:ECS
14,,
1,Economic Investment,TSE:EVT
2,EcoSynthetix Inc. J,TSE:ECO
3,Eldorado Gold Corp.,TSE:ELD
4,Electrovaya Inc.,TSE:EFL
5,Element Fleet Mgt,TSE:EFN
6,Element Fleet5.125Db,TSE:EFN.DB
7,Element Fleet 4.25Db,TSE:EFN.DB.A
8,Element Fleet Pr A,TSE:EFN.PR.A
9,Element Fleet Pr C,TSE:EFN.PR.C
10,Element Fleet Pr E,TSE:EFN.PR.E
11,Element Fleet Pr G,TSE:EFN.PR.G
12,Emera Incorporated,TSE:EMA
13,Emera Inc. Ser A Pr,TSE:EMA.PR.A
14,Emera Inc. Ser B Pr,TSE:EMA.PR.B
15,Emera Inc. Ser C Pr,TSE:EMA.PR.C
16,Emera Inc. Ser E Pr,TSE:EMA.PR.E
17,Emera Inc. Ser F Pr,TSE:EMA.PR.F
18,Empire Co Cl A NV,TSE:EMP.A
19,Enbridge Inc.,TSE:ENB
20,Enbridge Ser 9 Pr,TSE:ENB.PF.A
21,Enbridge Ser 11 Pr,TSE:ENB.PF.C
22,Enbridge Ser 13 Pr,TSE:ENB.PF.E
23,Enbridge Ser 15 Pr,TSE:ENB.PF.G
24,Enbridge Ser L US Pr,TSE:ENB.PF.U
25,Enbridge Ser 5 US Pr,TSE:ENB.PF.V
26,Enbridge 5.50% Pr,TSE:ENB.PR.A
27,Enbridge Inc Sr B Pr,TSE:ENB.PR.B
28,Enbridge Inc Sr D Pr,TSE:ENB.PR.D
29,Enbridge Inc Sr F Pr,TSE:ENB.PR.F
30,Enbridge Inc Sr H Pr,TSE:ENB.PR.H
31,Enbridge Ser 7 Pr,TSE:ENB.PR.J
32,Enbridge Inc Sr N Pr,TSE:ENB.PR.N
33,Enbridge Inc Sr P Pr,TSE:ENB.PR.P
34,Enbridge Inc Sr R Pr,TSE:ENB.PR.T
35,Enbridge Sr J US Pr,TSE:ENB.PR.U
36,Enbridge Ser 1 US Pr,TSE:ENB.PR.V
37,Enbridge Ser 3 Pr,TSE:ENB.PR.Y
38,Enbridge Incm Hldgs,TSE:ENF
39,EnCana Corporation,TSE:ECA
40,,
1,Endeavour Mining Ord,TSE:EDV
2,Endeavour Silver J,TSE:EDR
3,Endo International plc,TSE:ENDP
4,EnerCare Inc.,TSE:ECI
5,EnerCare 6.25% Deb,TSE:ECI.DB
6,Enerflex Ltd.,TSE:EFX
7,Energizer Res Inc J,TSE:EGZ
8,Energy Credit Opp U,TSE:PCF.U
9,Energy Credit Opp A,TSE:PCF.UN
10,Energy Fuels Inc. J,TSE:EFR
11,Energy Fuels Deb J,TSE:EFR.DB
12,Energy Fuels Wt J,TSE:EFR.WT
13,Energy Income Fnd Un,TSE:ENI.UN
14,Energy Leaders Tr Un,TSE:HEN.UN
15,,
1,Energy Leadr+Incm Un,TSE:HPF
2,Energy Leadr+Incm US,TSE:HPF.U
3,Enerplus Corporation,TSE:ERF
4,Enghouse Systems Limited,TSE:ENGH
5,Ensign Engy Services,TSE:ESI
6,Enterprise Group Inc,TSE:E
7,ENTREC Corporation,TSE:ENT
8,ENTREC Corp. Deb,TSE:ENT.DB
9,Entree Gold Inc. J,TSE:ETG
10,Epsilon Energy Ltd J,TSE:EPS
11,Epsilon Engy Ltd DbJ,TSE:EPS.DB
12,Equitable Group Inc.,TSE:EQB
13,Equitable Grp Pr 3,TSE:EQB.PR.C
14,Eqty Financl Hldgs J,TSE:EQI
15,,
1,Erdene Res Dev J,TSE:ERD
2,Espial Group Inc. J,TSE:ESP
3,Essa Pharma Inc. J,TSE:EPI
4,Essential Energy Ltd,TSE:ESN
5,Etrion Corporation J,TSE:ETX
6,Euro Sun Mining J,TSE:ESM
7,Euromax Resources J,TSE:EOX
8,EU Bl-Chp DivGrow Un,TSE:EBC.UN
9,European Stratgc Bal,TSE:EBF.UN
10,Evertz Technologies,TSE:ET
11,,
1,exactEarth Ltd. J,TSE:XCT
2,Excel IndiaGrow Incm,TSE:EGI.UN
3,Excellon Resources J,TSE:EXN
4,Excellon Res Wt J,TSE:EXN.WT
5,Exchange Income Corp,TSE:EIF
6,Exchng Incm 5.5% Deb,TSE:EIF.DB.E
7,Exchng Incm 5.35 Deb,TSE:EIF.DB.F
8,Exchange Incm 6% Deb,TSE:EIF.DB.G
9,Exchng Incm 5.25% Db,TSE:EIF.DB.H
10,Exco Technologies,TSE:XTC
11,Exeter Resource J,TSE:XRC
12,EXFO Inc. SV,TSE:EXF
13,Extendicare Inc.,TSE:EXE
14,Extendicare 6% Deb,TSE:EXE.DB.B
15,,
1,Faircourt Gld Incm A,TSE:FGX
2,Faircourt Split 6%Pr,TSE:FCS.PR.C
3,Faircourt Splt Tr Un,TSE:FCS.UN
4,Fairfax Financial SV,TSE:FFH
5,Fairfax Fin Ser C Pr,TSE:FFH.PR.C
6,Fairfax Fin Ser D Pr,TSE:FFH.PR.D
7,Fairfax Fin Ser E Pr,TSE:FFH.PR.E
8,Fairfax Fin Ser F Pr,TSE:FFH.PR.F
9,Fairfax Fin Ser G Pr,TSE:FFH.PR.G
10,Fairfax Fin Ser H Pr,TSE:FFH.PR.H
11,Fairfax Fin Ser I Pr,TSE:FFH.PR.I
12,Fairfax Fin Ser J Pr,TSE:FFH.PR.J
13,Fairfax Fin Ser K Pr,TSE:FFH.PR.K
14,Fairfax Fin Ser M Pr,TSE:FFH.PR.M
15,Fairfax Fin SV USF,TSE:FFH.U
16,Fairfax India SV USF,TSE:FIH.U
17,Fennec Pharmaceut J,TSE:FRX
18,Fiera Capital A SV,TSE:FSZ
19,Financial 15 Splt A,TSE:FTN
20,Financial 15 Splt Pr,TSE:FTN.PR.A
21,Finning Int'l Inc.,TSE:FTT
22,Firan Tech Grp Corp.,TSE:FTG
23,Firm Cap Mtg Invest,TSE:FC
24,Firm Cap Mtg 5.75%Db,TSE:FC.DB.A
25,Firm Cap Mtg 5.4% Db,TSE:FC.DB.B
26,Firm Cap Mtg 5.25%Db,TSE:FC.DB.C
27,Firm Cap Mtg 4.75 Db,TSE:FC.DB.D
28,Firm Cap Mtg 5.3% Db,TSE:FC.DB.E
29,Firm Cap Mtg 5.5% Db,TSE:FC.DB.F
30,,
1,Foraco Int'l SA,TSE:FAR
2,Forsys Metals Corp J,TSE:FSY
3,Fortis Inc.,TSE:FTS
4,Fortis Inc. 1st Pr F,TSE:FTS.PR.F
5,Fortis Inc. 1st Pr G,TSE:FTS.PR.G
6,Fortis Inc. 1st Pr H,TSE:FTS.PR.H
7,Fortis Inc.1st Pr I,TSE:FTS.PR.I
8,Fortis Inc. 1st Pr J,TSE:FTS.PR.J
9,Fortis Inc. 1st Pr K,TSE:FTS.PR.K
10,Fortis Inc. 1st Pr M,TSE:FTS.PR.M
11,Fortress Paper Ltd A,TSE:FTP
12,Fortress Paper 6.5Db,TSE:FTP.DB
13,Fortress Paper 7% Db,TSE:FTP.DB.A
14,Fortuna Silver Mines,TSE:FVI
15,Fortune Minerals J,TSE:FT
16,FP Newspapers Inc.,TSE:FP
17,Franco-Nevada Corp.,TSE:FNV
18,Franco-Nevada Wt A,TSE:FNV.WT.A
19,Freegold Ventures J,TSE:FVL
20,Freehold Royalties,TSE:FRU
21,,
1,1stAst 1-5GvtStBndUn,TSE:BXF
2,1stAst 1-5GvtStBndAd,TSE:BXF.A
3,1st AsstActvCADiv Un,TSE:FDV
4,1st AsstActvCADiv Ad,TSE:FDV.A
5,1st AsstActvCredt Un,TSE:FAO
6,1st AstActvCrdtCA$Ad,TSE:FAO.A
7,1st AsstActvCredt US,TSE:FAO.U
8,1st AstActvCrdtUS$Ad,TSE:FAO.V
9,1st AstActUtilInfrUn,TSE:FAI
10,1st AstActUtilInfrAd,TSE:FAI.A
11,1st Asset CambgCA Eq,TSE:FCE
12,1st AssetCambrgUS Eq,TSE:FCY
13,1st AssetCambrgUSUnh,TSE:FCY.B
14,1stAsset EngyCall Un,TSE:OXF
15,1st AssetEngy Adv Un,TSE:OXF.A
16,1stAsset Material Un,TSE:MXF
17,1stAsst Materials Ad,TSE:MXF.A
18,1st Asset CA Buyback,TSE:FBE
19,1st Asset ConvBnd Un,TSE:CXF
20,1st Asst ConvBnd Adv,TSE:CXF.A
21,,
1,1st Asset CdnConv Un,TSE:ADC.UN
2,1st AssetCA DivLwVlt,TSE:FDL
3,1st Asset CdnREIT Un,TSE:RIT
4,1st AssetCdn REIT Ad,TSE:RIT.A
5,1st Ast CanBanc Incm,TSE:CIC
6,1stAst CoreBalncd Un,TSE:CBB
7,1stAssetCoreBlncd Ad,TSE:CBB.A
8,1st AstCoreCdn Eq Un,TSE:CED
9,1st AstCoreCdn Eq Ad,TSE:CED.A
10,First AsstCoreCdn Eq,TSE:CSY
11,1st AstCoreUSEqtC$Un,TSE:CES
12,1st AstCoreUSEq C$Ad,TSE:CES.A
13,1st AstCoreUSEqC$U-H,TSE:CES.B
14,1st AstCoreUSEqC$UHA,TSE:CES.D
15,1st AstCoreUS$U-H Un,TSE:CES.U
16,1st AstCoreUS$U-H Ad,TSE:CES.V
17,1st Asset Divers Un,TSE:DCD.UN
18,1st Asset EngyRes Un,TSE:TRF.UN
19,,
1,1stAstEngyGiantCovUn,TSE:NXF
2,1stAstEngyGiantCovAd,TSE:NXF.A
3,1stAstEngyGiatUnhgUn,TSE:NXF.B
4,1stAstEngyGiatUnhgAd,TSE:NXF.D
5,1stAst GlbFinSctr Un,TSE:FSF
6,1stAsst Glb MmtmCA-H,TSE:FGM
7,1stAsstGlbl MomentCl,TSE:FGL
8,1st Aset GlblValCA-h,TSE:FGV
9,1st Asset GlblVal Cl,TSE:FGU
10,1stAst HamCpEU ETFUn,TSE:FHB
11,1stAst HamCpEU ETFAd,TSE:FHB.A
12,1st Asset Inv Bnd Un,TSE:FIG
13,1st Asst LngDurFxdUn,TSE:FLB
14,1stAsst MornstrDiv30,TSE:DXM
15,1stAsst MornDiv30Adv,TSE:DXM.A
16,,
1,1stAsst MornMomnt Un,TSE:WXM
2,1stAsst MornMomentAd,TSE:WXM.A
3,1stAst MornCdaVal Un,TSE:FXM
4,1stAst MornCdaVal Ad,TSE:FXM.A
5,1stAst MornIntlMomUn,TSE:ZXM
6,1stAst MornIntlMomAd,TSE:ZXM.A
7,1stAst IntlMomUnhgUn,TSE:ZXM.B
8,1stAst IntlMomUhg Ad,TSE:ZXM.D
9,1stAsst MrnIntlValUn,TSE:VXM
10,1stAsst MrnIntlValAd,TSE:VXM.A
11,1stAst IntlValUnhgUn,TSE:VXM.B
12,1stAst IntlValUnhgAd,TSE:VXM.D
13,1stAsst MornstrNBkQC,TSE:QXM
14,1stAsst MornNBkQC Ad,TSE:QXM.A
15,1stAst MornUS Consmr,TSE:UCD.UN
16,1stAstUS Div50 Un,TSE:UXM
17,1stAstUS Div50 Ad Un,TSE:UXM.A
18,1stAstUS Dv50 UnhgUn,TSE:UXM.B
19,1stAstUS Div50UnhgAd,TSE:UXM.D
20,1st Ast US Moment Un,TSE:YXM
21,1st AstUSMmnt Adv Un,TSE:YXM.A
22,1st AstUSMmntUnhegUn,TSE:YXM.B
23,1st AstUSMmnt UnhgAd,TSE:YXM.D
24,1stAstMrnStrUSVal Un,TSE:XXM
25,1stAstMrnstrUSVal AD,TSE:XXM.A
26,1stAst MrnUS ValUnhg,TSE:XXM.B
27,1stAstMrnUSValUnhgAd,TSE:XXM.D
28,1st AstMSCI CdaLR Un,TSE:RWC
29,1st AstMSCI CdaLR Ad,TSE:RWC.A
30,,
1,1st AstMSCI Cda Qual,TSE:FQC
2,1stAst MSCI EurLR Un,TSE:RWE
3,1stAst MSCI EurLR Ad,TSE:RWE.A
4,1stAst EurLR Unhg Un,TSE:RWE.B
5,1stAst EurLR Unhg Ad,TSE:RWE.D
6,1st Ast MSCI USA Un,TSE:RWU
7,1st Ast MSCI USA Adv,TSE:RWU.A
8,1stAstMSCI USA Unheg,TSE:RWU.B
9,1st Ast USA Unheg Ad,TSE:RWU.D
10,1st AstMSCI World Un,TSE:RWW
11,1st AstMSCI Wrld Adv,TSE:RWW.A
12,1st AstMSCI WrldUnhg,TSE:RWW.B
13,1st AstMSCI WrlUnhgA,TSE:RWW.D
14,1st AsstNA AdvanConv,TSE:NCD.UN
15,1st Asst Pref Shr Un,TSE:FPR
16,1st Asset ProvBnd Un,TSE:PXF
17,1st Asset ProvBnd Ad,TSE:PXF.A
18,1stAsst ST GovtBndCl,TSE:FGB
19,1stAstTech Giants Un,TSE:TXF
20,1stAstTech Giant Adv,TSE:TXF.A
21,1st Ast US&CdaLifeco,TSE:FLI
22,1stAst US&CdaLfecoAd,TSE:FLI.A
23,,
1,1st Asset US Buyback,TSE:FBU
2,1st AssetUS EqMltFac,TSE:FUM
3,1st AssetUSTacSctrAl,TSE:FUT
4,First Capital Realty,TSE:FCR
5,First Cap Jan 5.4 Db,TSE:FCR.DB.E
6,First Cap Jan 5.25Db,TSE:FCR.DB.F
7,First Cap Jul 4.75Db,TSE:FCR.DB.I
8,First Cap Feb 4.45Db,TSE:FCR.DB.J
9,First Majestic J,TSE:FR
10,First Nat'l Fin Corp,TSE:FN
11,1st Natl Fin Sr 1 Pr,TSE:FN.PR.A
12,1st Natl Fin Sr 2 Pr,TSE:FN.PR.B
13,1st Natl MtgInvst Un,TSE:FNM.UN
14,First Quantum Mnrl J,TSE:FM
15,1st Tr AlphCdnDiv Un,TSE:FDY
16,1st Tr AlphCdnDiv Ad,TSE:FDY.A
17,1st Tr AlphEmrgMktUn,TSE:FDE
18,1st Tr AlphEmrgMktAd,TSE:FDE.A
19,,
1,1st TrAlphDEX EU Div,TSE:EUR
2,1st TrAlphDX EUDivAd,TSE:EUR.A
3,1stTr AlpDEX US Dscr,TSE:FHD
4,1stTr AlpDEX US Stpl,TSE:FHC
5,1st Tr AlphaUSDiv Un,TSE:FUD
6,1st Tr AlphaUSDivAdv,TSE:FUD.A
7,1stTrAlphDEX US Engy,TSE:FHE
8,1stTr AlphDEX US Fin,TSE:FHF
9,1stTr AlpDEX US Hlth,TSE:FHH
10,1stTr AlphDEX US Ind,TSE:FHG
11,1stTr AlpDEX US Mtrl,TSE:FHM
12,1stTr AlpDEX US Tech,TSE:FHQ
13,,
1,1stTr AlpDEX US Util,TSE:FHU
2,First Trust Canadian Capital Strength ETF,TSE:FST
3,1st TrDrsyWrDynUSRot,TSE:FSR
4,1st Tr Glb RskMngeUn,TSE:ETP
5,1st Tr Glb RskMngeAd,TSE:ETP.A
6,1st Tr SnrLoan Cad-H,TSE:FSL
7,1st Tr SnrLoanC-H Ad,TSE:FSL.A
8,1st Tr ShDurHiYld Un,TSE:FSD
9,1st Tr ShDurHiYld Ad,TSE:FSD.A
10,1st Tr TacticlBnd Un,TSE:FTB
11,FirstService Corp SV,TSE:FSV
12,Fission Uranium J,TSE:FCU
13,Flaherty&Crum Fix Un,TSE:FFI.UN
14,,
1,Gabriel Resources J,TSE:GBU
2,Gamehost Inc.,TSE:GH
3,Gazit-Globe Ltd. Ord,TSE:GZT
4,GDI Integrated SV J,TSE:GDI
5,Gear Energy Ltd.,TSE:GXE
6,Gendis Inc.,TSE:GDS
7,GeneNews Limited J,TSE:GEN
8,"General Moly, Inc.",TSE:GMO
9,General Motors Co US,TSE:GMM.U
10,Genesis Land Dev,TSE:GDC
11,,
1,Genworth MI Canada,TSE:MIC
2,Geodrill Limited Ord,TSE:GEO
3,Weston George,TSE:WN
4,Weston George 1 Pr,TSE:WN.PR.A
5,Weston George III Pr,TSE:WN.PR.C
6,Weston George IV Pr,TSE:WN.PR.D
7,Weston George V Pr,TSE:WN.PR.E
8,GibraltarGrwthA RV J,TSE:GBG.A
9,Gibraltar Grwth Wt J,TSE:GBG.WT
10,Gibson Energy Inc,TSE:GEI
11,Gibson Energy Inc Db,TSE:GEI.DB
12,Gildan Activewear,TSE:GIL
13,Glacier Media Inc. J,TSE:GVC
14,GLG Life Tech Corp J,TSE:GLG
15,Globl Alpha World Un,TSE:GAF.UN
16,Global Cap Sec A Un,TSE:NAF.UN
17,,
1,Glbl Champions Pr 1,TSE:GCS.PR.A
2,Globe Divers Grd 2Un,TSE:GII.UN
3,Glbl Div Growers Un,TSE:GDG.UN
4,Glbl HealthcareDvdFd,TSE:GHC.UN
5,Global Healthcare Un,TSE:HIG.UN
6,Global RlEstDivGroEq,TSE:GRL
7,Globl Res Champ Pr A,TSE:GRP.PR.A
8,Global Tel & Util Un,TSE:HGI.UN
9,Global Water Res,TSE:GWR
10,Global WaterSolut Un,TSE:HTO.UN
11,,
1,Globalance Div GroEq,TSE:GBF
2,Globex Mining Ent J,TSE:GMX
3,Gluskin Sheff + Assc,TSE:GS
4,GMP Capital Inc.,TSE:GMP
5,GMP Capital Ser B Pr,TSE:GMP.PR.B
6,GMP Capital Ser C Pr,TSE:GMP.PR.C
7,goeasy Ltd.,TSE:GSY
8,GoGold Resources J,TSE:GGD
9,GoGold Res Wt J,TSE:GGD.WT
10,Goldcorp Inc.,TSE:G
11,Golden Minerals J,TSE:AUM
12,Golden Queen Mng J,TSE:GQM
13,Golden QueenMng Wt J,TSE:GQM.WT
14,Golden Star Resource,TSE:GSC
15,,
1,Goldgroup Mining J,TSE:GGA
2,Goldman Sachs US Un,TSE:GSB.UN
3,GoldMoney Inc.,TSE:XAU
4,Goodfellow Inc.,TSE:GDL
5,Gran Colombia Gold J,TSE:GCM
6,Gran Colombia 18USDb,TSE:GCM.DB.U
7,Gran Colombia 20USDb,TSE:GCM.DB.V
8,Gran Colombia A Wt J,TSE:GCM.WT.A
9,Gran Tierra Energy J,TSE:GTE
10,Gran Tierra Exchg J,TSE:GTX
11,Granite Oil Corp. J,TSE:GXO
12,Granite Rl Est Tr Un,TSE:GRT.UN
13,Great Cdn Gaming,TSE:GC
14,,
1,Gt Panther Silver J,TSE:GPR
2,Great-West Lifeco,TSE:GWO
3,Gt-West Lifeco Pr F,TSE:GWO.PR.F
4,Gt-West Lifeco Pr G,TSE:GWO.PR.G
5,Gt-West Lifeco Pr H,TSE:GWO.PR.H
6,Gt-West Lifeco Pr I,TSE:GWO.PR.I
7,Gt-West Lifeco Pr L,TSE:GWO.PR.L
8,Gt-West Lifeco Pr M,TSE:GWO.PR.M
9,Gt-West Lifeco Pr N,TSE:GWO.PR.N
10,Gt-West Lifeco Pr O,TSE:GWO.PR.O
11,Gt-West Lifeco Pr P,TSE:GWO.PR.P
12,Gt-West Lifeco Pr Q,TSE:GWO.PR.Q
13,Gt-West Lifeco Pr R,TSE:GWO.PR.R
14,Gt-West Lifeco Pr S,TSE:GWO.PR.S
15,Guardian Capital,TSE:GCG
16,Guardian Cap Cl A NV,TSE:GCG.A
17,Guyana Goldfields J,TSE:GUY
18,GVIC Commun Cl B,TSE:GCT
19,GVIC Commun Cl C NV,TSE:GCT.C
20,,
1,H&R REIT 5.90% Deb,TSE:HR.DB.D
2,H&R REIT 4.5% 2016Db,TSE:HR.DB.E
3,H&R REIT 5.40% Deb,TSE:HR.DB.H
4,H&R Rl Est Staple Un,TSE:HR.UN
5,Halogen Software,TSE:HGN
6,Hamilton CapGlb Bk E,TSE:HBG
7,Hammond Mfg Cl A SV,TSE:HMM.A
8,Hammond Power A SV,TSE:HPS.A
9,Hanwei Energy Serv,TSE:HE
10,Hardwoods Dist Inc.,TSE:HWD
11,Harte Gold Corp. J,TSE:HRT
12,Healthcare LdrIncmUn,TSE:HHL
13,Healthcare SpecOp Un,TSE:MDS.UN
14,,
1,Horizn S&PCapEngyIdx,TSE:HXE
2,Horizn S&PCapFin Idx,TSE:HXF
3,Horizon Seasonl E Un,TSE:HAC
4,Horizons Seasonl Adv,TSE:HAC.A
5,Horizn US7-10YrTreas,TSE:HTH
6,Horizn US7-10TreasBd,TSE:HTB
7,HoriznUS7-10TreaBdUS,TSE:HTB.U
8,Horizon US$ Cur A Un,TSE:DLR
9,Horizon US$Cur A USF,TSE:DLR.U
10,Horizonte Min Ord J,TSE:HZM
11,HSBC Bank Cl 1 Pr C,TSE:HSB.PR.C
12,HSBC Bank Cl 1 Pr D,TSE:HSB.PR.D
13,HudBay Minerals Inc.,TSE:HBM
14,HudBay Minerals Wt,TSE:HBM.WT
15,Hudson's Bay Company,TSE:HBC
16,,
1,Husky Energy Inc.,TSE:HSE
2,Husky Energy Sr 1 Pr,TSE:HSE.PR.A
3,Husky Energy Sr 2 Pr,TSE:HSE.PR.B
4,Husky Energy Sr 3 Pr,TSE:HSE.PR.C
5,Husky Energy Sr 5 Pr,TSE:HSE.PR.E
6,Husky Energy Sr 7 Pr,TSE:HSE.PR.G
7,Hydro One Limited,TSE:H
8,Hydrogenics Corp,TSE:HYG
9,Hyduke Energy Serv,TSE:HYD
10,,
1,Helius Med Tech A J,TSE:HSM
2,Helius Med Tech S J,TSE:HSM.S
3,Helius Med Tech Wt J,TSE:HSM.WT.S
4,Helix BioPharma,TSE:HBP
5,Heron Res Ltd Ord J,TSE:HER
6,Heroux-Devtek Inc.,TSE:HRX
7,High Arctic Engy Inc,TSE:HWO
8,High Liner Foods Inc,TSE:HLF
9,High Rock CdnHiYld A,TSE:HHY.UN
10,HNZ Group Com & VV,TSE:HNZ
11,Holloway Lodge Crp J,TSE:HLC
12,Holloway 6.25 Db B J,TSE:HLC.DB
13,Holloway 7.5% Deb J,TSE:HLC.DB.A
14,Home Capital Group,TSE:HCG
15,,
1,Horizon Nth Logstc J,TSE:HNL
2,Horizon ActvCdnBndUn,TSE:HAD
3,Horizon ActvCdnBndAd,TSE:HAD.A
4,Horizons Cdn Div E,TSE:HAL
5,Horizons Cdn Div Adv,TSE:HAL.A
6,Horizn ActCdnMunBd E,TSE:HMP
7,Horizn ActCdnMunBdAd,TSE:HMP.A
8,Horizon CorpBnd E Un,TSE:HAB
9,Horizons CorpBnd Adv,TSE:HAB.A
10,Horizon ActvEmrgDvUn,TSE:HAJ
11,Horizon ActvEmrgDvAd,TSE:HAJ.A
12,Horizon FltgRtBnd Un,TSE:HFR
13,Horizons FltgBnd Adv,TSE:HFR.A
14,Horizn ActFltgPref E,TSE:HFP
15,Horizn ActFltgPr Adv,TSE:HFP.A
16,Horizn ActvFltLoan E,TSE:HSL
17,Horizn ActvFltLn Ad,TSE:HSL.A
18,Horizon GlblDiv E Un,TSE:HAZ
19,Horizons GlblDiv Adv,TSE:HAZ.A
20,,
1,Horizon ActiveGlbl E,TSE:HAF
2,Horizon ActiveGlb Ad,TSE:HAF.A
3,Horizon HighYldBnd E,TSE:HYI
4,Horizon HighYldBndAd,TSE:HYI.A
5,Horizon Pref Cl E Un,TSE:HPR
6,Horizons Pref Adv Un,TSE:HPR.A
7,Horizons ActvUSDiv E,TSE:HAU
8,Horizons ActvUSDivAd,TSE:HAU.A
9,Horizons ActvUSDivUS,TSE:HAU.U
10,Horizons USFltgBndCA,TSE:HUF
11,Horizons USFltgBndUS,TSE:HUF.U
12,Horizons USFltgBndAd,TSE:HUF.V
13,Horizons AuspiceE Un,TSE:HMF
14,Horizons Auspice Adv,TSE:HMF.A
15,Horizon Gld Bear+ Un,TSE:HBD
16,Horizon Gld Bull+ Un,TSE:HBU
17,Horizon COMEXSlvr Br,TSE:HZD
18,Horizon COMEXSlvr Bl,TSE:HZU
19,,
1,Horizons NASDQ100 Br,TSE:HQD
2,Horizons NASDQ100 Bl,TSE:HQU
3,Horizon CrdeOil BrUn,TSE:HOD
4,Horizon CrdOil Bl+Un,TSE:HOU
5,Horizon NatGas Br+Un,TSE:HND
6,Horizon NatGas BulUn,TSE:HNU
7,Horizons S&P500 Br A,TSE:HSD
8,Horizons S&P500 Bl A,TSE:HSU
9,Horizon SP500Inverse,TSE:HIU
10,Horizon ShrtFutr Bl+,TSE:HVU
11,,
1,Horizon ShTrm Futr A,TSE:HUV
2,Horizons 500VIXSH Un,TSE:HVI
3,Horizon Beta60Bear A,TSE:HXD
4,Horizon Beta60Bull A,TSE:HXU
5,Horizons 60 Invrs A,TSE:HIX
6,Horizon BetaEngyBear,TSE:HED
7,Horizon BetaEngyBull,TSE:HEU
8,Horizon BetaFin Bear,TSE:HFD
9,Horizon BetaFin Bull,TSE:HFU
10,Horizon BetaGld Bear,TSE:HGD
11,,
1,Horizon BetaGld Bull,TSE:HGU
2,Horizon US30yrBnd Br,TSE:HTD
3,Horizn CdnDolr Cur A,TSE:CAN
4,Horizn CdnMdStream A,TSE:HOG
5,Horizons Cdn HiDiv A,TSE:HXH
6,Horizon Cdn Insdr Un,TSE:HII
7,Horizon Cdn SlctUniv,TSE:HBB
8,Horizn China DivA Un,TSE:HCN
9,Horizons COMEXGold A,TSE:HUG
10,Horizons COMEXSlvr A,TSE:HUZ
11,,
1,Horizons Incm Engy E,TSE:HEE
2,Horizons IncmEgy Adv,TSE:HEE.A
3,Horizon Incm Eq E Un,TSE:HEX
4,Horizon EnhncEqty Ad,TSE:HEX.A
5,Horizons Incm Fin E,TSE:HEF
6,Horizons IncmFin Adv,TSE:HEF.A
7,Horizons Gold Prod E,TSE:HEP
8,Horizon EnhncGld Adv,TSE:HEP.A
9,Horizons Intl Eqty E,TSE:HEJ
10,Horizons Intl Eq Adv,TSE:HEJ.A
11,Horizon IncmEq CAD E,TSE:HEA
12,Horizon IncmEqCAD Ad,TSE:HEA.A
13,Horizon IncmEq USD E,TSE:HEA.U
14,Horizon IncEqUSD Adv,TSE:HEA.V
15,Horizon Glb CurOpp E,TSE:HGC
16,Horizons GlbRskPar E,TSE:HRA
17,Horizons GldYld E Un,TSE:HGY
18,Horizons Gld Yld Adv,TSE:HGY.A
19,Horizn MgeGlb Opp E,TSE:HGM
20,Horizn MgeGlbOpp Adv,TSE:HGM.A
21,,
1,Horizn Mge Momntm E,TSE:HMA
2,Horizn Mge Momntm Ad,TSE:HMA.A
3,Horizon MornstrHdg E,TSE:HHF
4,Horizon MornstrHg Ad,TSE:HHF.A
5,Horizon NASDAQ-100 A,TSE:HXQ
6,Horizon NASDAQ100 US,TSE:HXQ.U
7,Horizons NatGasYld E,TSE:HNY
8,Horizon NatGasYld Ad,TSE:HNY.A
9,Horizons CrudeOil Un,TSE:HUC
10,Horizon NYMEX NatGas,TSE:HUN
11,Horizn S&P500CA Hegd,TSE:HSH
12,Horizons S&P500 Un,TSE:HXS
13,Horizon S&P500 US Un,TSE:HXS.U
14,Horizons 60EqlWgt Un,TSE:HEW
15,Horizon S&P/TSX60 A,TSE:HXT
16,Horizon S&P/TSX60 US,TSE:HXT.U
17,,
1,Iamgold Corporation,TSE:IMG
2,IBI Group Inc.,TSE:IBG
3,IBI Group Inc. 7% Db,TSE:IBG.DB
4,IBI Group 6.00% Deb,TSE:IBG.DB.B
5,IBI Group 7% Sr 2 Db,TSE:IBG.DB.C
6,IBI GROUP 5.5% Deb,TSE:IBG.DB.D
7,IC Potash Corp. J,TSE:ICP
8,iFabric Corp. J,TSE:IFA
9,IGM Financial Inc.,TSE:IGM
10,IGM Financial B Pr,TSE:IGM.PR.B
11,Immunovaccine Inc. J,TSE:IMV
12,Imperial Metals Corp,TSE:III
13,Imperial Oil Ltd.,TSE:IMO
14,Imvescor Restaurant,TSE:IRG
15,Imvescor Rstaurnt Wt,TSE:IRG.WT
16,Income Fin Tr Un,TSE:INC.UN
17,,
1,iShrs Complete Portf,TSE:XGC
2,iShare Glbl Hlthcare,TSE:XHC
3,iShares GlbInfras Un,TSE:CIF
4,iShare GlbInfras Adv,TSE:CIF.A
5,iShares GlblMoDiv Un,TSE:CYH
6,iShares GlblMoDiv Ad,TSE:CYH.A
7,iShares GlblRlEst Un,TSE:CGR
8,iShare GlblRlEst Adv,TSE:CGR.A
9,iShares GlblWater Un,TSE:CWW
10,iShares GlbWater Adv,TSE:CWW.A
11,iShare GldBulHdgd Un,TSE:CGL
12,iShare GldBul Nn-Hdg,TSE:CGL.C
13,iShrs GrowCore Portf,TSE:XGR
14,iShares India Idx Un,TSE:XID
15,iShare IntlFndmnt Un,TSE:CIE
16,iShare IntlFndmnt Ad,TSE:CIE.A
17,,
1,iShr JP USD Emrg Mkt,TSE:XEB
2,iShare Jantzi Social,TSE:XEN
3,iShares JapFndmnt Un,TSE:CJP
4,iShares JapFndmntlAd,TSE:CJP.A
5,iShares MSCI Brazil,TSE:XBZ
6,iShare MSCI EAFE Idx,TSE:XIN
7,iShare MSCI EmergMkt,TSE:XEM
8,iShr MSCI EU IMI Idx,TSE:XEU
9,iShr MSCI EU IMI CAD,TSE:XEH
10,iShare MSCI World Un,TSE:XWD
11,iShare NASDAQ 100 Un,TSE:XQQ
12,,
1,iShares MoneyMkt Un,TSE:CMR
2,iShares MoneyMkt Adv,TSE:CMR.A
3,iShare S&P CnsmrDscr,TSE:XCD
4,iShr SP Glbl Indstrl,TSE:XGI
5,iShr S&P US MidCapUn,TSE:XMC
6,iShr S&P USMdCpCADHG,TSE:XMH
7,iShares S&P/TSX60 Un,TSE:XIU
8,iShr CdnDivAristo Un,TSE:CDZ
9,iShare CdnDivAristAd,TSE:CDZ.A
10,iShares CdnPref Un,TSE:CPD
11,iShares CdnPref Adv,TSE:CPD.A
12,iShares Consumr Stpl,TSE:XST
13,iShares S&P/TSX Engy,TSE:XEG
14,,
1,iShares S&P/TSX Fins,TSE:XFN
2,iShares S&P/TSX Tech,TSE:XIT
3,iShare S&P/TSX Matrl,TSE:XMA
4,iShares S&P/TSX REIT,TSE:XRE
5,iShares S&P/TSX Util,TSE:XUT
6,iShr S&P/TSX Cmpletn,TSE:XMD
7,iShr SP/TSXGblBseMtl,TSE:XBM
8,iShares S&P/TSX Gold,TSE:XGD
9,iShr S&PTSX NA PrStk,TSE:XPF
10,IShare SP/TSX SmlCap,TSE:XCS
11,,
1,iShr ShDuratn HighUn,TSE:CSD
2,iShr ShDuratn HighAd,TSE:CSD.A
3,iShr ST StratgFxd Un,TSE:XSI
4,iShr Sil Bul Hdgd Un,TSE:SVR
5,iShr Sil Bul Nn-Hdgd,TSE:SVR.C
6,iShr US HiDiv EqtyUn,TSE:XHU
7,iShare US HighDiv Eq,TSE:XHD
8,iShares US HiYld Bnd,TSE:XHY
9,iShr US HiYldIncm Un,TSE:CHB
10,iShr US HiYldIncm Ad,TSE:CHB.A
11,iShare US IG CorpBnd,TSE:XIG
12,iShares US Small Cap,TSE:XSU
13,iShare US DivGrow Un,TSE:CUD
14,iShare US DivGro Adv,TSE:CUD.A
15,,
1,iShares US Fndmtl Un,TSE:CLU
2,iShares US Fndmtl Ad,TSE:CLU.A
3,iShares US Fndmntl B,TSE:CLU.B
4,iShares US Fndmntl C,TSE:CLU.C
5,Ithaca Energy Inc.,TSE:IAE
6,Ivanhoe Mines Cl A J,TSE:IVN
7,,
1,INDEXPLUS Income Un,TSE:IDX.UN
2,Indigo Books & Music,TSE:IDG
3,Indstrl Alliance Ins,TSE:IAG
4,Indstrl AlliancePr B,TSE:IAG.PR.A
5,Indstrl AlliancePr G,TSE:IAG.PR.G
6,INFOR Acquis CL A RV,TSE:IAC.A
7,INFOR Acquisition Wt,TSE:IAC.WT
8,Info Serv Corp. A LV,TSE:ISV
9,Innergex Renew Engy,TSE:INE
10,Innergex Renew4.25Db,TSE:INE.DB.A
11,Innergex Renew Pr A,TSE:INE.PR.A
12,Innergex Renew Pr C,TSE:INE.PR.C
13,Innova Gaming Group,TSE:IGG
14,Inovalis REIT Un,TSE:INO.UN
15,InPlay Oil Corp.,TSE:IPO
16,INSCAPE Corp Cl B SV,TSE:INQ
17,,
1,Intact Fin Corp.,TSE:IFC
2,Intact Fin A Ser 1,TSE:IFC.PR.A
3,Intact Fin A Ser 3,TSE:IFC.PR.C
4,Intact Fin A Ser 4,TSE:IFC.PR.D
5,Integrated Asset Mgt,TSE:IAM
6,IntelliPharma Intl J,TSE:I
7,Inter Pipeline Ltd.,TSE:IPL
8,Interfor Corporation,TSE:IFP
9,Intermap Technology,TSE:IMP
10,Int'l Road Dynamics,TSE:IRD
11,Int'l Tower Hill J,TSE:ITH
12,InterRent REIT Un J,TSE:IIP.UN
13,Intertape Polymer,TSE:ITP
14,,
1,Intrinsyc Tech J,TSE:ITC
2,INV Metals Inc. J,TSE:INV
3,Invest GrdInfrBnd Un,TSE:IFB.UN
4,Invest GradeMngDur T,TSE:PFU.UN
5,iShre 1-10CorpBnd Un,TSE:CBH
6,iShre 1-10CorpBnd Ad,TSE:CBH.A
7,iShre 1-10GovtBnd Un,TSE:CLG
8,iShre 1-10GovtBnd Ad,TSE:CLG.A
9,iShre 1-5 CorpBnd Un,TSE:CBO
10,iShre 1-5CorpBnd Ad,TSE:CBO.A
11,iShre 1-5 GovtBnd Un,TSE:CLF
12,iShre 1-5 GovtBnd Ad,TSE:CLF.A
13,iShrs AlternatePortf,TSE:XAL
14,iShares GrowCore Un,TSE:CBN
15,iShares GrowCore Adv,TSE:CBN.A
16,,
1,iShares IncmCore Un,TSE:CBD
2,iShares IncmCore Adv,TSE:CBD.A
3,iShares BRIC Indx Un,TSE:CBQ
4,iShares BRIC Adv Un,TSE:CBQ.A
5,iShares Cdn Corp Bnd,TSE:XCB
6,iShares CdnFinMo Un,TSE:FIE
7,iShares CdnFinMo Adv,TSE:FIE.A
8,iShares CdnFndmntlUn,TSE:CRQ
9,iShare CdnFndmntl Ad,TSE:CRQ.A
10,iShares Cdn Govt Bnd,TSE:XGB
11,iShares Cdn Growth,TSE:XCG
12,iShare Cdn HYBrd Bnd,TSE:XHB
13,iShare Cdn RlRet Bnd,TSE:XRB
14,iShares Cdn Slct Div,TSE:XDV
15,,
1,iShre Cdn Sh Trm Bnd,TSE:XSB
2,iShr Cdn Univers Bnd,TSE:XBB
3,iShares Cdn Value Un,TSE:XCV
4,iShares China Index,TSE:XCH
5,iShrs Conserve Core,TSE:XCR
6,iShr Consv ShStgyFxd,TSE:XSC
7,iShr Consv Stgy Incm,TSE:XSE
8,iShares ConvBond Un,TSE:CVD
9,iShares ConvBond Adv,TSE:CVD.A
10,iShr CoreCdnLT BndUn,TSE:XLB
11,iShr CoreCdnShMplBnd,TSE:XSH
12,,
1,iShr CoreHiCdnBnd Un,TSE:XQB
2,iShr CoreHiCdnBnd Ad,TSE:XQB.A
3,iShr CoreMSCI AC Wex,TSE:XAW
4,iShr CorMSCIEAFE IMI,TSE:XEF
5,iShrCrMSCI EAFEIMIHG,TSE:XFH
6,iShr Core EmrgMktIMI,TSE:XEC
7,iShares CoreSP500Idx,TSE:XUS
8,iShares Core S&P 500,TSE:XSP
9,iShr CorS&P US MktUn,TSE:XUU
10,iShre CoreS&P US Mkt,TSE:XUH
11,iShr CoreSP/TSX Comp,TSE:XIC
12,,
1,iShr CoreSP/TSX Div,TSE:XEI
2,iShr CoreSTCdnBnd Un,TSE:XSQ
3,iShare Divrs Mo Incm,TSE:XTR
4,iShr MSCI MinVolCda,TSE:XMV
5,iShare MSCIMinVlEAFE,TSE:XMI
6,iShr EgMinVlEAFE C-H,TSE:XML
7,iShr MinVol EmrgMkt,TSE:XMM
8,iShr MSCI MinVolGlbl,TSE:XMW
9,iShr EgMinVolGlb C-H,TSE:XMY
10,iShr MSCI MinVol USA,TSE:XMU
11,,
1,iShr EgMinVl USA C-H,TSE:XMS
2,iShr MSCIMultfactrCA,TSE:XFC
3,iShr MSCIMultfacEAFE,TSE:XFI
4,iShr MSCI EAFE CA-HG,TSE:XFF
5,iShrMSCIMultiftr USA,TSE:XFS
6,iShrMSCIMultiUSA C-H,TSE:XFA
7,iShares EmergMkts Un,TSE:CWO
8,iShares EmrgMkts Adv,TSE:CWO.A
9,iShares EqWeight Un,TSE:CEW
10,iShares EqWeight Adv,TSE:CEW.A
11,iShares Fltg Rate Un,TSE:XFR
12,iShares GlblAgri Un,TSE:COW
13,iShares GlblAgri Adv,TSE:COW.A
14,,
1,Jaguar Mining Inc. J,TSE:JAG
2,Jaguar Mng J 12%DbUS,TSE:JAG.DB.U
3,Jean Coutu Group SV,TSE:PJC.A
4,JFT Strategies A Un,TSE:JFS.UN
5,Journey Energy Inc.,TSE:JOY
6,June 2020 Corporate Bond Trust,TSE:CBT
7,Just Energy Group,TSE:JE
8,Just Engy Grp 6% Db,TSE:JE.DB
9,Just Engy Grp 5.75Db,TSE:JE.DB.B
10,Just Engy Grp 6.75Db,TSE:JE.DB.C
11,,
1,K-Bro Linen Inc.,TSE:KBL
2,Karnalyte Res J,TSE:KRN
3,Katanga Mining Ltd.,TSE:KAT
4,Keg Royalties Fnd Un,TSE:KEG.UN
5,Kelso Technologies,TSE:KLS
6,Kelt Expl Ltd. J,TSE:KEL
7,Kelt Expl 5% Deb J,TSE:KEL.DB
8,Kerr Mines Inc. J,TSE:KER
9,Kew Media A RV J,TSE:KEW.A
10,Kew Media Group Wt J,TSE:KEW.WT
11,Keyera Corp.,TSE:KEY
12,Killam REIT 5.45Db J,TSE:KMP.DB.B
13,Killam Apt REIT Un J,TSE:KMP.UN
14,,
1,Kinaxis Inc. J,TSE:KXS
2,Kingsway Financial,TSE:KFS
3,Kingsway Fin B Wt US,TSE:KFS.WT.V
4,Kinross Gold Corp.,TSE:K
5,Kirkland Lake Gld J,TSE:KLG
6,Kirkland Lake 6%Db J,TSE:KLG.DB
7,Kirklnd Lake 7.5Db J,TSE:KLG.DB.A
8,Klondex Mines Ltd. J,TSE:KDX
9,Knight Therapeutics,TSE:GUD
10,KP Tissue Inc.,TSE:KPT
11,,
1,Labrador Iron Ore,TSE:LIF
2,Lanesborough Sr G Db,TSE:LRT.DB.G
3,Lanesborough Tr Un J,TSE:LRT.UN
4,Laramide Resources J,TSE:LAM
5,Largo Resources J,TSE:LGO
6,Lassonde Ind Cl A SV,TSE:LAS.A
7,Laurentian Bk of Can,TSE:LB
8,Laurentian Bk Pr 11,TSE:LB.PR.F
9,Laurentian Bk Pr 13,TSE:LB.PR.H
10,Laurentian Bk Pr 15,TSE:LB.PR.J
11,Chateau Inc(Le) A SV,TSE:CTU.A
12,LeadFX Inc. J,TSE:LFX
13,Leon's Furniture Ltd,TSE:LNF
14,Leon's Furniture Db,TSE:LNF.DB
15,Levon Resources J,TSE:LVN
16,,
1,Lexam VG Gold Inc. J,TSE:LEX
2,Life & Banc Split A,TSE:LBS
3,Life & Banc Split Pr,TSE:LBS.PR.A
4,Ltd DuratnInvstGrdUS,TSE:PFD.U
5,Ltd DuratnInvstGrd,TSE:PFD.UN
6,Linamar Corporation,TSE:LNR
7,Liquor Stores NA Ltd,TSE:LIQ
8,Liquor Stores 5.85Db,TSE:LIQ.DB.A
9,Liquor Stores 4.7%Db,TSE:LIQ.DB.B
10,Lithium Americas J,TSE:LAC
11,Lithium Amer Wt J,TSE:LAC.WT
12,Loblaw Companies Ltd,TSE:L
13,Loblaw Co. Ser B Pr,TSE:L.PR.B
14,Logistec Corp. A MV,TSE:LGT.A
15,Logistec Corp Cl B,TSE:LGT.B
16,Loncor Resources J,TSE:LN
17,LowVolatlty CdnEq Un,TSE:LOW.UN
18,,
1,Low Voltlty US Eq Un,TSE:LVU.UN
2,Lucara Diamond J,TSE:LUC
3,Lumenpulse Inc. J,TSE:LMP
4,Luna Gold Corp. J,TSE:LGC
5,Lundin Gold Inc. J,TSE:LUG
6,Lundin Mining Corp,TSE:LUN
7,Lydian Int'l Ord J,TSE:LYD
8,Lydian Int'l Wt J,TSE:LYD.WT
9,Lysander-SlatrPrActv,TSE:PR
10,,
1,M Split Corp. 14 Cap,TSE:XMF.A
2,M Split Corp Cl 1 Pr,TSE:XMF.PR.B
3,M Split Corp 14-2 Pr,TSE:XMF.PR.C
4,MacDonald Dettwiler,TSE:MDA
5,Mackenzie CAFxIncm E,TSE:MKB
6,Mackenzie GlbFxIncmE,TSE:MGB
7,Mackenzie FltgRate E,TSE:MFT
8,MacKenzie Master Un,TSE:MKZ.UN
9,Mackenzie AlWrl NA E,TSE:MXU
10,MackenzieMaxDvr AW E,TSE:MWD
11,Mackenzie MaxDvrCA E,TSE:MKC
12,MackenzieMaxDvrEur E,TSE:MEU
13,,
1,Mackenzie MaxDvrUS E,TSE:MUS
2,Mackenzie Uncnstrn E,TSE:MUB
3,Macquarie EmrgMkt Un,TSE:MQA.UN
4,Macquari GlbInfrasUn,TSE:MQI.UN
5,Madison Pacific Cl B,TSE:MPC
6,Madison Pacific NV C,TSE:MPC.C
7,MAG Silver Corp. J,TSE:MAG
8,Magellan Aerospace,TSE:MAL
9,Magna Int'l Inc.,TSE:MG
10,Mainstreet Equity J,TSE:MEQ
11,Mainstreet HlthRecUS,TSE:HLP.R
12,Mainstreet Hlth J US,TSE:HLP.U
13,,
1,Major Drilling Group,TSE:MDI
2,Mandalay Res Corp J,TSE:MND
3,Manitoba Telecom,TSE:MBT
4,Manulife Financial,TSE:MFC
5,Manulife Fin Sr 2 Pr,TSE:MFC.PR.B
6,Manulife Fin A Pr 3,TSE:MFC.PR.C
7,Manulife Fin Sr 3 Pr,TSE:MFC.PR.F
8,Manulife Fin Sr 5 Pr,TSE:MFC.PR.G
9,Manulife Fin Sr 7 Pr,TSE:MFC.PR.H
10,Manulife Fin Sr 9 Pr,TSE:MFC.PR.I
11,Manulife Fin Sr11 Pr,TSE:MFC.PR.J
12,Manulife Fin Sr13 Pr,TSE:MFC.PR.K
13,Manulife Fin Sr15 Pr,TSE:MFC.PR.L
14,Manulife Fin Sr17 Pr,TSE:MFC.PR.M
15,Manulife Fin Sr19 Pr,TSE:MFC.PR.N
16,Manulife Fin Sr21 Pr,TSE:MFC.PR.O
17,Manulife Fin Sr 4 Pr,TSE:MFC.PR.P
18,Manulife FltgRtLn Un,TSE:MFR.UN
19,Manulife US Regnl Un,TSE:MBK.UN
20,Maple Leaf Foods Inc,TSE:MFI
21,Marathon Gold Corp J,TSE:MOZ
22,Marquest Cdn Eqty Un,TSE:MIF.UN
23,Marret Resource J,TSE:MAR
24,,
1,Martinrea Int'l Inc.,TSE:MRE
2,Mawson Resources J,TSE:MAW
3,Mawson West Ord J,TSE:MWE
4,Maxim Power Corp.,TSE:MXG
5,MBN Corporation Eqty,TSE:MBN
6,MCAN Mortgage Corp.,TSE:MKP
7,McCoy Global Inc.,TSE:MCB
8,McEwen Mining - Minera Andes Acquisition Corp.,TSE:MAQ
9,McEwen Mining Inc. J,TSE:MUX
10,Meadow Bay Gold J,TSE:MAY
11,,
1,Mediagrif Interactv,TSE:MDF
2,Medical Facilities,TSE:DR
3,Medical Fac 5.9% Deb,TSE:DR.DB.A
4,MEG Energy Corp.,TSE:MEG
5,Mega Uranium Ltd. J,TSE:MGA
6,Melcor Developments,TSE:MRD
7,Melcor REIT 5.5 Deb,TSE:MR.DB
8,Melcor REIT Un,TSE:MR.UN
9,Mercer International Inc.,TSE:MERC
10,Merus Labs Int'l J,TSE:MSL
11,Methanex Corporation,TSE:MX
12,Metro Inc.,TSE:MRU
13,,
1,Microbix Biosystms J,TSE:MBX
2,Midas Gold Corp. J,TSE:MAX
3,Middlefld Can-Glb Un,TSE:RCO.UN
4,Middlefld HealthcrUn,TSE:HWF.UN
5,Milestone AptREIT Un,TSE:MST.UN
6,Minco Gold Corp. J,TSE:MMM
7,Minco Silver Corp J,TSE:MSV
8,MINT Incme Fnd Tr Un,TSE:MID.UN
9,Mitel Networks Corp.,TSE:MNW
10,Mogo Finance Technology Inc.,TSE:MOGO
11,,
1,MolsonCoors Cda A LV,TSE:TPX.A
2,MolsonCoors Cda B NV,TSE:TPX.B
3,Moneda LatAm CorpBnd,TSE:MLD.UN
4,Moneda LatAmFxd A Un,TSE:MLF.UN
5,Moneda LatAmGrowthUn,TSE:MLE.UN
6,Moneta Porcupine J,TSE:ME
7,Mood Media Corp. J,TSE:MM
8,Morguard Corporation,TSE:MRC
9,Morguard NA REIT Deb,TSE:MRG.DB
10,Morguard NA REIT UN,TSE:MRG.UN
11,Morguard REIT 4.85Db,TSE:MRT.DB.A
12,Morguard Real Est Un,TSE:MRT.UN
13,Morneau Shepell Inc.,TSE:MSI
14,Morneau Shepl 4.75Db,TSE:MSI.DB.A
15,,
1,Mountain Province J,TSE:MPV
2,MTY Food Group Inc.,TSE:MTY
3,Mullen Group Ltd.,TSE:MTL
4,,
1,Namibia Rare Earth J,TSE:NRE
2,NAPEC Inc. J,TSE:NPC
3,Nat'l Bank of Canada,
4,Nat'l Bank Ser 36 Pr,TSE:NA.PR.A
5,Nat'l Bank Ser 28 Pr,TSE:NA.PR.Q
6,Nat'l Bank Ser 30 Pr,TSE:NA.PR.S
7,Nat'l Bank Ser 32 Pr,TSE:NA.PR.W
8,Nat'l Bank Ser 34 Pr,TSE:NA.PR.X
9,Nautilus Minerals J,TSE:NUS
10,NDX Growth&Incm A Un,TSE:NGI.UN
11,Nemaska Lithium Inc.,TSE:NMX
12,Nemaska Lithium Wt,TSE:NMX.WT
13,Neovasc Inc. J,TSE:NVC
14,Neptune Technologies & Bioressources Inc.,TSE:NEPT
15,"NeuLion, Inc. J",TSE:NLN
16,Nevada Copper Corp J,TSE:NCU
17,,
1,Nevsun Resources J,TSE:NSU
2,New Flyer Industries,TSE:NFI
3,New Flyer 6.25 Db US,TSE:NFI.DB.U
4,New Gold Inc.,TSE:NGD
5,New Gold Inc A Wt,TSE:NGD.WT.A
6,New Look Vision J,TSE:BCI
7,New Millenm Iron J,TSE:NML
8,Newalta Corporation,TSE:NAL
9,Nfld Capital Cl A SV,TSE:NCC.A
10,Nfld Capital Cl B MV,TSE:NCC.B
11,Newgrowth Cl A Cap,TSE:NEW.A
12,Newgrowth Corp. Pr 3,TSE:NEW.PR.D
13,Newmarket Gold Inc J,TSE:NMI
14,NexC Partners Corp A,TSE:NXC
15,,
1,NexGen Energy Ltd. J,TSE:NXE
2,NexJ Systems Inc. J,TSE:NXJ
3,NGEx Resources Inc J,TSE:NGQ
4,Niko Resources,TSE:NKO
5,Niko Resources 7% Nt,TSE:NKO.NT
6,NioCorp Dev Ltd. J,TSE:NB
7,Nobilis Health Corp.,TSE:NHC
8,Nobilis Health Wt,TSE:NHC.WT
9,Noranda Incm PriorUn,TSE:NIF.UN
10,Norbord Inc.,TSE:OSB
11,Norsat International,TSE:NII
12,N.A. Energy Partners,TSE:NOA
13,,
1,NA Fin 15 Split A,TSE:FFN
2,NA Fin 15 Split 2 Pr,TSE:FFN.PR.A
3,N.A. Palladium Ltd.,TSE:PDL
4,Nth American Pref Un,TSE:NPF.UN
5,NA REIT Income Un,TSE:NRF.UN
6,Northcliff Res Ltd J,TSE:NCF
7,Northrn Blizzard Res,TSE:NBZ
8,Nthrn Dynasty Min J,TSE:NDM
9,Nthrn Dynasty Wt J,TSE:NDM.WT
10,Nthrn Dynasty Wt J A,TSE:NDM.WT.A
11,Nthrn Dynasty Wt J B,TSE:NDM.WT.B
12,Nthn Power Systems J,TSE:NPS
13,Northland Power Inc.,TSE:NPI
14,Northland Pwr 5% Deb,TSE:NPI.DB.B
15,Northland Pwr 4.75Db,TSE:NPI.DB.C
16,Northland Pwr Pr 1,TSE:NPI.PR.A
17,Northland Pwr Pr 2,TSE:NPI.PR.B
18,Northland Pwr Pr 3,TSE:NPI.PR.C
19,Nthview Apt REIT Db,TSE:NVU.DB
20,Nthview Apt REIT Un,TSE:NVU.UN
21,,
1,NW Healthcare Deb,TSE:NWH.DB
2,NW Healthcare 6.5%Db,TSE:NWH.DB.A
3,NW Healthcare 7.5%Db,TSE:NWH.DB.B
4,NW Healthcare7.25%Db,TSE:NWH.DB.C
5,NW Healthcare 5.5%Db,TSE:NWH.DB.D
6,NW Healthcare5.25%DB,TSE:NWH.DB.E
7,NW Healthcare Un,TSE:NWH.UN
8,Novadaq Tech Inc. J,TSE:NDQ
9,NovaGold Resources J,TSE:NG
10,NuVista Energy Ltd.,TSE:NVA
11,Nuvo Pharmaceuticals,TSE:NRI
12,NXT Energy Solutn J,TSE:SFD
13,,
1,OceanaGold Corp.,TSE:OGC
2,OCP Credit Stgy Un,TSE:OCS.UN
3,OCP Senior Credit Un,TSE:OSL.UN
4,Oil Sands Sector Un,TSE:OSF.UN
5,Olympia Fin Group,TSE:OLY
6,Oncolytics Biotech,TSE:ONC
7,OneREIT 5.45% Deb,TSE:ONR.DB.B
8,OneREIT 5.50% Deb,TSE:ONR.DB.C
9,OneREIT Un,TSE:ONR.UN
10,ONEX Corporation,TSE:ONEX
11,Open Text Corp,TSE:OTC
12,Orbit Garant Drill,TSE:OGD
13,,
1,Orbite Tech Inc. J,TSE:ORT
2,Orbite Tech J 2/21Db,TSE:ORT.DB.C
3,Orocobre Ltd. Ord J,TSE:ORL
4,Orosur Mining Inc.,TSE:OMI
5,Orsu Metals Corp. J,TSE:OSU
6,Orvana Minerals J,TSE:ORV
7,Oryx Pete Corp. J,TSE:OXC
8,Osisko Gld Royalty,TSE:OR
9,Osisko Gold Rlty Wt,TSE:OR.WT
10,Osisko Gld Rlty Wt A,TSE:OR.WT.A
11,Osisko Mining Inc. J,TSE:OSK
12,Osisko Mining J Wt,TSE:OSK.WT
13,,
1,Pacific Exploration & Production Corporation,TSE:PEN
2,Pacific Insight Elec,TSE:PIH
3,Painted Pony Pete J,TSE:PPY
4,Paladin Energy Ord J,TSE:PDN
5,Pan American Silver,TSE:PAA
6,Paramount Res Cl A,TSE:POU
7,Parex Resources J,TSE:PXT
8,Park Lawn Corp.,TSE:PLC
9,Parkland Fuel Corp.,TSE:PKI
10,Partners REIT 6% Deb,TSE:PAR.DB.A
11,Partners REIT 5.5 Db,TSE:PAR.DB.B
12,Partners REIT Un,TSE:PAR.UN
13,,
1,Purpose Core Div Fnd,TSE:PDF
2,Purpose DiversRl Ast,TSE:PRA
3,Purpose Duratn HgREF,TSE:PHR
4,Purpose Enhnc US Eq,TSE:PEU
5,Purpose EnhncUSNnCur,TSE:PEU.B
6,Purpose High IntSvgs,TSE:PSA
7,Purpose Intl Div Un,TSE:PID
8,Purpose Intl TacHgEq,TSE:PHW
9,Purpose Monthly Incm,TSE:PIN
10,Purpose Mult-StgyNeu,TSE:PMM
11,Purpose Prem Yld ETF,TSE:PYF
12,,
1,Purpose Tact Hegd Eq,TSE:PHE
2,Purpose TacHg NN-Cur,TSE:PHE.B
3,Purpose TacInvestBnd,TSE:BND
4,Purpose Tot Ret Bond,TSE:PBD
5,Purpose US Cash USF,TSE:PSU.U
6,Purpose US DivETF Un,TSE:PUD
7,Purpose US Div NnCur,TSE:PUD.B
8,PWC Capital Inc.,TSE:PWC
9,PWC Capital Inc C Nt,TSE:PWC.NT.C
10,PWC Capital 7% Pr,TSE:PWC.PR.A
11,PWC Capital Inc B Pr,TSE:PWC.PR.B
12,,
1,Partners Val AA Pr 3,TSE:PVS.PR.B
2,Partners Val AA Pr 5,TSE:PVS.PR.C
3,Partners Val AA Pr 6,TSE:PVS.PR.D
4,Partners Val AA Pr 7,TSE:PVS.PR.E
5,Pason Systems Inc.,TSE:PSI
6,Pathfinder Income Un,TSE:PCD.UN
7,Pattern Energy Grp A,TSE:PEG
8,Pembina Pipeline,TSE:PPL
9,Pembina Pipe5.75Db F,TSE:PPL.DB.F
10,Pembina Pipe Sr 1 Pr,TSE:PPL.PR.A
11,Pembina Pipe Sr 3 Pr,TSE:PPL.PR.C
12,Pembina Pipe Sr 5 Pr,TSE:PPL.PR.E
13,Pembina Pipe Sr 7 Pr,TSE:PPL.PR.G
14,Pembina Pipe Sr 9 Pr,TSE:PPL.PR.I
15,Pembina Pipe Pr 11,TSE:PPL.PR.K
16,Pembina Pipe Pr 13,TSE:PPL.PR.M
17,Pengrowth Energy,TSE:PGF
18,Pengrwth 6.25%Mar Db,TSE:PGF.DB.B
19,Penn West Petroleum,TSE:PWT
20,Peregrine Diamonds J,TSE:PGD
21,Performance Sports,TSE:PSG
22,Perk Inc. J,TSE:PER
23,,
1,Perpetual Energy Inc,TSE:PMT
2,Perseus Mining Ord J,TSE:PRU
3,Pershing Gold Corporation,TSE:PGLC
4,Petrowest Corp. Cl A,TSE:PRW
5,Petrus Resources J,TSE:PRQ
6,Peyto Expl & Dev,TSE:PEY
7,PFB Corporation,TSE:PFB
8,PHX Energy Services,TSE:PHX
9,Picton Mahoney A Un,TSE:PMB.UN
10,Pilot Gold Inc. J,TSE:PLG
11,,
1,PIMCO Gbl IncmOpp Un,TSE:PGI.UN
2,Pine Cliff Energy J,TSE:PNE
3,PineBrdge InvGrd Sec,TSE:PRF.UN
4,Pinetree Capital J,TSE:PNP
5,Pizza Pizza Royalty,TSE:PZA
6,Platinum Grp Metal J,TSE:PTM
7,Plaza Retail Tr 7%Db,TSE:PLZ.DB.C
8,Plaza RetailTr5.75Db,TSE:PLZ.DB.D
9,Plaza Retail REIT Un,TSE:PLZ.UN
10,Points Int'l Ltd. J,TSE:PTS
11,Polaris Infras J,TSE:PIF
12,Polaris Materials J,TSE:PLS
13,,
1,Pollard Banknote Ltd,TSE:PBL
2,Polymet Mining J,TSE:POM
3,Posera Ltd. J,TSE:PAY
4,Postmedia Ntwrk C J,TSE:PNC.A
5,Postmedia Ntwrk VV J,TSE:PNC.B
6,Potash Corp of Sask,TSE:POT
7,Potash Ridge Corp. J,TSE:PRK
8,Power Corp of Cda SV,TSE:POW
9,Power Corp 5.6% Pr A,TSE:POW.PR.A
10,Power Corp 5.35% Pr,TSE:POW.PR.B
11,Power Corp 5.80% Pr,TSE:POW.PR.C
12,Power Corp 5.00% Pr,TSE:POW.PR.D
13,Power Corp Part. Pr,TSE:POW.PR.E
14,Power Corp Sr861stPr,TSE:POW.PR.F
15,Power Corp 5.6% Pr G,TSE:POW.PR.G
16,Power Financial Corp,TSE:PWF
17,Power Financial Pr A,TSE:PWF.PR.A
18,Power Financial Pr D,TSE:PWF.PR.E
19,Power Fin 5.25% Pr E,TSE:PWF.PR.F
20,Power Fin 5.90% Pr F,TSE:PWF.PR.G
21,Power Fin 5.75% Pr H,TSE:PWF.PR.H
22,Power Fin 6% Pr I,TSE:PWF.PR.I
23,Power Fin 4.95% Pr K,TSE:PWF.PR.K
24,Power Fin 5.10% Pr L,TSE:PWF.PR.L
25,Power Fin 5.80% Pr O,TSE:PWF.PR.O
26,Power Fin 4.40% Pr P,TSE:PWF.PR.P
27,Power Financial Pr Q,TSE:PWF.PR.Q
28,Power Fin 5.50% Pr R,TSE:PWF.PR.R
29,Power Fin 4.80% Pr S,TSE:PWF.PR.S
30,Power Fin 4.20% Pr T,TSE:PWF.PR.T
31,PwrShr 1-3Yr LadFltg,TSE:PFL
32,PwrShares CorpBnd Un,TSE:PSB
33,,
1,PwrShares Cdn Div Un,TSE:PDC
2,PwrShares Cdn Pr Un,TSE:PPS
3,PwrShr FTSE RAFI Cdn,TSE:PXC
4,PwrShrFTSE CA Sml-Md,TSE:PZC
5,PwrShr FTSERAF GlbCA,TSE:PZW
6,PwrShr FTSERAF GlbUS,TSE:PZW.U
7,PwrShrFTSE Glb+Fndmn,TSE:PXG
8,PwrShrFTSE Glb+FndUS,TSE:PXG.U
9,PwrShrFTSE USFnd CAD,TSE:PXS
10,PwrShrFTSE USFnd US,TSE:PXS.U
11,PwrShrs FTSE RAFI US,TSE:PXU
12,PwrShr HY CorpBnd Un,TSE:PFH
13,PwrShr Glb ShrhldrCA,TSE:PSY
14,PwrShr Glb ShrhldrUS,TSE:PSY.U
15,,
1,PwrShr LddrRtUS0-5Yr,TSE:USB
2,PwrShr LddrRtO-5YrUS,TSE:USB.U
3,PwrShr LowVolPortfl,TSE:PLV
4,PwrShares QQQCADH Un,TSE:QQC
5,PwrShr LowVol CH Idx,TSE:ULV
6,PwrShr S&P EmrgMkts,TSE:ELV
7,PwrShr S&PIntl LwVol,TSE:ILV
8,PowrShr LowVltlty Un,TSE:TLV
9,PwrShr SrLoan(C Hdg),TSE:BKL
10,Powershr TactBond Un,TSE:PTB
11,PwrShr Ultr LiqLTGvt,TSE:PGL
12,,
1,Prairie Provident J,TSE:PPR
2,PrairieSky Royalty,TSE:PSK
3,Precious Mtl&Mine Un,TSE:MMP.UN
4,Precious Mtl Buln Un,TSE:PBU.UN
5,Precision Drill Corp,TSE:PD
6,Premier Gold Mines J,TSE:PG
7,Premium Brands Hldgs,TSE:PBH
8,Premium Brand 5% Deb,TSE:PBH.DB.D
9,Premium Brand 4.65Db,TSE:PBH.DB.E
10,Premium Income Cl A,TSE:PIC.A
11,Premium Income Pr,TSE:PIC.PR.A
12,Pretium Resources J,TSE:PVG
13,Prime Dividend Cl A,TSE:PDV
14,Prime Dividend Pr,TSE:PDV.PR.A
15,,
1,Primero Mining Corp.,TSE:P
2,Primero Mng 5.75USDb,TSE:P.DB.V
3,Primero Mining Wt,TSE:P.WT.C
4,ProMetic Life J,TSE:PLI
5,ProMIS Neurosci J,TSE:PMN
6,Prophecy Dev Corp. J,TSE:PCY
7,Pulse Seismic Inc.,TSE:PSD
8,Pure Industrial Un,TSE:AAR.UN
9,Pure Tech Ltd. J,TSE:PUR
10,Purpose Best Ideas,TSE:PBI
11,Purpose Best NnCurHg,TSE:PBI.B
12,Purpose Cdn Fin Incm,TSE:BNC
13,Purpose Conserv Incm,TSE:PRP
14,,
1,QLT Inc.,TSE:QLT
2,Quebecor Inc Cl A MV,TSE:QBR.A
3,Quebecor Inc Cl B SV,TSE:QBR.B
4,Quest Rare Min J,TSE:QRM
5,Quest Rare Min Wt J,TSE:QRM.WT
6,Questerre Corp. J,TSE:QEC
7,Questrade FxdIncm+Un,TSE:QCP
8,Questrade GloblEq Un,TSE:QGE
9,QuestrdRs1000USCnsmr,TSE:QRD
10,Quest Rs1000USHealth,TSE:QRH
11,Quest Rs1000USIndust,TSE:QRI
12,Questr Rs1000US Tech,TSE:QRT
13,,
1,Questrade RusUS MdGr,TSE:QMG
2,Questrade RusUS MdVl,TSE:QMV
3,,
1,R Split 3 Corp A Cap,TSE:RBS
2,R Split 3 Corp. Pr B,TSE:RBS.PR.B
3,Raging River Expl,TSE:RRX
4,Ravensource Fund Un,TSE:RAV.UN
5,RBC 1-5Yr LadCdn Bnd,TSE:RLB
6,RBC 1-5Yr LddCrp Bnd,TSE:RBO
7,RBC Cdn Pref CA Un,TSE:RPF
8,RBC QuantCdnDiv Lead,TSE:RCD
9,RBC Quant CdnEqLeadr,TSE:RCE
10,RBC Qnt EAFE DivLead,TSE:RHI
11,RBC QuantEAFE Div Un,TSE:RID
12,RBC QuantEAFE Div US,TSE:RID.U
13,,
1,RBC QntEAFE EQ CAHeg,TSE:RHF
2,RBC Quant EAFE Eqty,TSE:RIE
3,RBC QuantEAFE EqtyUS,TSE:RIE.U
4,RBC Quant EmrgMktDiv,TSE:RXD
5,RBC Quant EmrgMkt US,TSE:RXD.U
6,RBC QntEmrgMktEqLdr,TSE:RXE
7,RBC QntEmrMktEqLdrUS,TSE:RXE.U
8,RBC Quant EUDivLdHeg,TSE:RHP
9,RBC Quant EU DivLdCA,TSE:RPD
10,RBC Quant EU DivLdUS,TSE:RPD.U
11,RBC QUANT GlbInfraCA,TSE:RIG
12,RBC QUANT GlbInfraUS,TSE:RIG.U
13,RBC Quant US DivLead,TSE:RHU
14,RBC QntUS DivLead Un,TSE:RUD
15,RBC QntUS DivLeadUSD,TSE:RUD.U
16,RBC QuantUSEqty(C-H),TSE:RHS
17,,
1,RBC Quant USEqLdr Un,TSE:RUE
2,RBC Quant USEqLdr US,TSE:RUE.U
3,RBC Stratgc GlbDivLd,TSE:RLD
4,RBC Stratgc GlbEqLdr,TSE:RLE
5,RBC Target 17 CrpBnd,TSE:RQE
6,RBC Target 18 CrpBnd,TSE:RQF
7,RBC Target 19 CrpBnd,TSE:RQG
8,RBC Target 20 CrpBnd,TSE:RQH
9,RBC Target 21CorpBnd,TSE:RQI
10,RBC Target22 CorpBnd,TSE:RQJ
11,RBC Target23 CorpBnd,TSE:RQK
12,,
1,RDM Corporation J,TSE:RC
2,Real AstIncmGro A Un,TSE:RAI.UN
3,Red Eagle Mining Corporation,TSE:R
4,Redhawk Resources J,TSE:RDK
5,Redknee Solutions J,TSE:RKN
6,Redline Commun Grp J,TSE:RDL
7,REIT INDEXPLUS Tr Un,TSE:IDR.UN
8,Reitman's Canada,TSE:RET
9,Reitman's Cda A NV,TSE:RET.A
10,Resolute Forest Prod,TSE:RFP
11,Response Biomed J,TSE:RBM
12,,
1,Restaurant Brnd Intl,TSE:QSR
2,Restaurant BrndLP Un,TSE:QSP.UN
3,Resverlogix Corp. J,TSE:RVX
4,Richards Pckng Un,TSE:RPI.UN
5,Richelieu Hardware,TSE:RCH
6,Richmont Mines,TSE:RIC
7,Ridgewood Cdn Bnd Un,TSE:RIB.UN
8,Rio Novo Gold Ord J,TSE:RN
9,RioCan REIT Ser C Pr,TSE:REI.PR.C
10,RioCan Rl Est Tr Un,TSE:REI.UN
11,Ritchie Bros Auction,TSE:RBA
12,,
1,RMP Energy Inc. J,TSE:RMP
2,Rockwell Diamonds J,TSE:RDI
3,Rocky Mtn Dealership,TSE:RME
4,Rogers Comm Cl A,TSE:RCI.A
5,Rogers Comm Cl B NV,TSE:RCI.B
6,Rogers Sugar Inc.,TSE:RSI
7,Rogers Sugar 5.7% Db,TSE:RSI.DB.C
8,Rogers Sugar 5.75%Db,TSE:RSI.DB.D
9,RONA inc. 5.25% Pr,TSE:RON.PR.A
10,RONA inc Ser 7 Pr,TSE:RON.PR.B
11,Royal Bank of Canada,TSE:RY
12,Royal Bank Pr Ser AA,TSE:RY.PR.A
13,Royal Bank Pr Ser AB,TSE:RY.PR.B
14,Royal Bank Pr Ser AC,TSE:RY.PR.C
15,Royal Bank Pr Ser AD,TSE:RY.PR.D
16,Royal Bank Pr Ser AE,TSE:RY.PR.E
17,Royal Bank Pr Ser AF,TSE:RY.PR.F
18,Royal Bank Pr Ser AG,TSE:RY.PR.G
19,Royal Bank Pr Ser BB,TSE:RY.PR.H
20,Royal Bank Pr Ser AJ,TSE:RY.PR.I
21,Royal Bank Pr Ser BD,TSE:RY.PR.J
22,Royal Bank Pr Ser AK,TSE:RY.PR.K
23,Royal Bank Pr Ser AL,TSE:RY.PR.L
24,Royal Bank Pr Ser BF,TSE:RY.PR.M
25,Royal Bank Pr Ser BH,TSE:RY.PR.N
26,Royal Bank Pr Ser BI,TSE:RY.PR.O
27,Royal Bank Pr Ser BJ,TSE:RY.PR.P
28,Royal Bank Pr Ser BK,TSE:RY.PR.Q
29,Royal Bank Pr Ser BM,TSE:RY.PR.R
30,Royal Bank Pr Ser W,TSE:RY.PR.W
31,Royal Bank Pr Ser AZ,TSE:RY.PR.Z
32,Ry Cdn Mint-Gold ETR,TSE:MNT
33,Ry Cdn Mint-Gold USF,TSE:MNT.U
34,Ry Cdn Mint-Sil ETR,TSE:MNS
35,Ry Cdn Mint-Sil USF,TSE:MNS.U
36,Royal Nickel Corp. J,TSE:RNX
37,,
1,RTG Mining Inc Ord J,TSE:RTG
2,RTG Mining Inc. Wt J,TSE:RTG.WT
3,Rubicon Minerals J,TSE:RMX
4,Russel Metals Inc.,TSE:RUS
5,,
1,S Split Corp Cl A,TSE:SBN
2,S Split Corp. Pr,TSE:SBN.PR.A
3,Sabina Gld & Slvr J,TSE:SBB
4,Sandstorm Gold Ltd.,TSE:SSL
5,Sandstorm Gold Wt,TSE:SSL.WT
6,Sandstorm Gold Wt B,TSE:SSL.WT.B
7,Sandvine Corp J,TSE:SVC
8,Saputo Inc.,TSE:SAP
9,Savanna Energy Corp.,TSE:SVY
10,Savaria Corp. J,TSE:SIS
11,Scandium Int'l Mng J,TSE:SCY
12,SCITI Trust Trans Un,TSE:SIN.UN
13,Seabridge Gold Inc J,TSE:SEA
14,,
1,Sears Canada Inc,TSE:SCC
2,Second Cup Ltd. The,TSE:SCU
3,Secure Energy Serv J,TSE:SES
4,SEMAFO Inc. J,TSE:SMF
5,Sr Secured FltgLn Un,TSE:FRL.UN
6,Sentry Prime Metal A,TSE:PME
7,Senvest Capital Inc,TSE:SEC
8,Serabi Gld plc Ord J,TSE:SBI
9,Serinus Energy J,TSE:SEN
10,Seven Generations A,TSE:VII
11,,
1,Shaw Comm Cl B NV,TSE:SJR.B
2,Shaw Comm Cl 2 Pr A,TSE:SJR.PR.A
3,Shaw Comm Cl 2 Pr B,TSE:SJR.PR.B
4,ShawCor Ltd.,TSE:SCL
5,Sherritt Int'l Corp,TSE:S
6,Shopify Inc.,TSE:SHOP
7,Shore Gold Inc. J,TSE:SGF
8,Sienna Senior Living,TSE:SIA
9,Sienna Sr Living Deb,TSE:SIA.DB
10,Sierra Metals Inc. J,TSE:SMT
11,Sierra Wireless,TSE:SW
12,Silver Bear Res J,TSE:SBR
13,Silver Bull Res J,TSE:SVB
14,,
1,Silver Bln ETFCurHeg,TSE:SBT
2,Silver BullnC$NCurHG,TSE:SBT.B
3,Silver Bulln US$NCur,TSE:SBT.U
4,Silver Standard Res,TSE:SSO
5,Silver Wheaton Corp.,TSE:SLW
6,Silvercorp Metals J,TSE:SVM
7,SIR Royalty Incm Un,TSE:SRV.UN
8,Sirius XM Cda A SV J,TSE:XSR
9,Skylon Growth Tr Un,TSE:SKG.UN
10,Slate Office REIT Un,TSE:SOT.UN
11,Slate Retail Cl U Un,TSE:SRT.U
12,Slate Retail CAD Un,TSE:SRT.UN
13,Sleep Cntry Cda Hldg,TSE:ZZZ
14,,
1,Smart REIT Tr VV Un,TSE:SRU.UN
2,SNC - Lavalin Group,TSE:SNC
3,Solitario Expl J,TSE:SLR
4,Solium Capital Inc J,TSE:SUM
5,SouthGobi Res Ltd J,TSE:SGQ
6,Spartan Engy Corp J,TSE:SPE
7,Spectra7 Microsys J,TSE:SEV
8,Spectral Medical Inc,TSE:EDT
9,Sphere AsiaSustYldUn,TSE:SHA
10,Sphere FTSE CdaUnheg,TSE:SHC
11,,
1,Sphere FTSEmrgMktSus,TSE:SHZ
2,Spher EuroSustYldUn,TSE:SHE
3,Sphere US Sustn Heg,TSE:SHU
4,Spin Master Corp SV,TSE:TOY
5,Sprott Inc.,TSE:SII
6,Sprott Phy Gld Un US,TSE:PHY.U
7,Sprott PhyPlat US Un,TSE:PPT.U
8,Sprott Phy Silver US,TSE:PHS.U
9,Sprott Resource Corp,TSE:SCP
10,St. Augustine Gld J,TSE:SAU
11,,
1,Stantec Inc.,TSE:STN
2,Star Yld Managers Un,TSE:XYM.UN
3,Starcore Intl Mine J,TSE:SAM
4,Stella-Jones Inc.,TSE:SJ
5,Stingray Digit SV,TSE:RAY.A
6,Stingray Dgt Vary SV,TSE:RAY.B
7,Stonegate Agricom J,TSE:ST
8,Stornoway Diamond J,TSE:SWY
9,Stornoway Dia USDb J,TSE:SWY.DB.U
10,Strad Energy Serv J,TSE:SDY
11,Strategic AllocateUn,TSE:SIF.UN
12,Street Capital Group,TSE:SCB
13,,
1,Strongco Corporation,TSE:SQP
2,Stuart Olson Inc.,TSE:SOX
3,Stuart Olsn 12/19 Db,TSE:SOX.DB.A
4,Student Transport,TSE:STB
5,Student Trans 5.25Db,TSE:STB.DB.A
6,Student Trans 6.25Db,TSE:STB.DB.C
7,Sulliden Mng Cap J,TSE:SMC
8,Summit Ind REIT Un J,TSE:SMU.UN
9,Sun Life Fin Inc.,TSE:SLF
10,Sun Life Fin Pr A,TSE:SLF.PR.A
11,Sun Life Fin Ser2 Pr,TSE:SLF.PR.B
12,Sun Life Fin Ser3 Pr,TSE:SLF.PR.C
13,Sun Life Fin Ser4 Pr,TSE:SLF.PR.D
14,Sun Life Fin Ser5 Pr,TSE:SLF.PR.E
15,Sun Life Fin Sr8R Pr,TSE:SLF.PR.G
16,Sun Life Fin 10R Pr,TSE:SLF.PR.H
17,Sun Life Fin 12R Pr,TSE:SLF.PR.I
18,Sun Life Fin 9QR Pr,TSE:SLF.PR.J
19,Sun Life Fin 11QR Pr,TSE:SLF.PR.K
20,Suncor Energy Inc.,TSE:SU
21,"SunOpta, Inc.",TSE:SOY
22,Sunwah Int'l Ltd.,TSE:SWH
23,Superior Plus Corp.,TSE:SPB
24,Superior+ 6/30/19 Db,TSE:SPB.DB.H
25,,
1,Supremex Inc.,TSE:SXP
2,Surge Energy Inc. J,TSE:SGY
3,Symphony FltgLoan Un,TSE:SSF.UN
4,Synex Internt'l J,TSE:SXI
5,,
1,TAG Oil Ltd. J,TSE:TAO
2,Tahoe Resources J,TSE:THO
3,Taiga Building Prod,TSE:TBL
4,Taiga Building Nt,TSE:TBL.NT
5,Talon Metals Corp. J,TSE:TLO
6,Tamarack Vall Engy J,TSE:TVE
7,Tanzanian Royalty J,TSE:TNX
8,Taseko Mines Ltd.,TSE:TKO
9,Taylor NthAmerOpp Un,TSE:TOF.UN
10,TD Cdn Aggregate Bnd,TSE:TDB
11,TD Int'l Eqty CA Heg,TSE:THE
12,,
1,TD Int'l Eqty Idx Un,TSE:TPE
2,TD S&P500 CAD HegIdx,TSE:THU
3,TD S&P 500 Index Un,TSE:TPU
4,TD S&P/TSX CapCompo,TSE:TTP
5,TDb Split Cl A,TSE:XTD
6,TDb Split Prior Eqty,TSE:XTD.PR.A
7,TearLab Corp. J,TSE:TLB
8,Tech AchievGrow Incm,TSE:HTA.UN
9,Tech Leaders Incm Un,TSE:TLF.UN
10,Teck Res Cl A MV,TSE:TCK.A
11,Teck Res Cl B SV,TSE:TCK.B
12,TECSYS Inc. J,TSE:TCS
13,,
1,Tellza Commun Inc. J,TSE:TEL
2,TELUS Corporation,TSE:T
3,Tembec Inc.,TSE:TMB
4,Temple Hotels Inc.,TSE:TPH
5,Temple Hotels 8% Deb,TSE:TPH.DB.C
6,Temple Hotl 7.75% Db,TSE:TPH.DB.D
7,Temple Hotl 7.25% Db,TSE:TPH.DB.E
8,Temple Hotels 7% Deb,TSE:TPH.DB.F
9,Ten Peaks Coffee,TSE:TPK
10,TeraGo Inc.,TSE:TGO
11,Teranga Gold Corp. J,TSE:TGZ
12,TerraVest Capital,TSE:TVK
13,TerraVest Cap 7% Deb,TSE:TVK.DB
14,Tesla Exploration Ltd.,TSE:TXL
15,Tethys Petroleum J,TSE:TPL
16,,
1,Empire Life Ins Pr 1,TSE:EML.PR.A
2,Intertain Grp Ltd J,TSE:IT
3,Intertain Grp 5%Db J,TSE:IT.DB
4,North West Company,TSE:NWC
5,Theratechnologies,TSE:TH
6,Theratechnologies Wt,TSE:TH.WT
7,Thomson Reuters Corp,TSE:TRI
8,Thomson Reuter Pr II,TSE:TRI.PR.B
9,Timbercreek Fin Corp,TSE:TF
10,Timbercrk Fin 6.35Db,TSE:TF.DB
11,Timbercrk Fin 5.4 Db,TSE:TF.DB.A
12,Timbercreek Globe Un,TSE:TGF.UN
13,Timmins Gold Corp. J,TSE:TMM
14,Titan Medical Inc. J,TSE:TMD
15,Titan Med Dec16 Wt J,TSE:TMD.WT.B
16,Titan Med Mar18 Wt J,TSE:TMD.WT.C
17,Titan Med Feb17 Wt J,TSE:TMD.WT.D
18,Titan Med Apr17 Wt J,TSE:TMD.WT.E
19,Titan Medical F Wt J,TSE:TMD.WT.F
20,Titan Medical G Wt J,TSE:TMD.WT.G
21,Titan Medical H Wt J,TSE:TMD.WT.H
22,Titan Medical I Wt J,TSE:TMD.WT.I
23,TMAC Resources Inc J,TSE:TMR
24,,
1,TMX Group Limited,TSE:X
2,Top 10 Cdn Fin Tr Un,TSE:TCT.UN
3,Top 10 Split Tr Pr,TSE:TXT.PR.A
4,Top 10 Split Tr Un,TSE:TXT.UN
5,Top 20 Dividend Un,TSE:TTY.UN
6,Top 20 Europe Div Un,TSE:TTE.UN
7,Top 20 U.S. Div A Un,TSE:TUT.UN
8,TORC Oil & Gas Ltd.,TSE:TOG
9,Torex Gold Res J,TSE:TXG
10,Toromont Industries,TSE:TIH
11,T.D. Bank,TSE:TD
12,T.D. Bank Ser 1 Pr,TSE:TD.PF.A
13,T.D. Bank Ser 3 Pr,TSE:TD.PF.B
14,T.D. Bank Ser 5 Pr,TSE:TD.PF.C
15,T.D. Bank Ser 7 Pr,TSE:TD.PF.D
16,T.D. Bank Ser 9 Pr,TSE:TD.PF.E
17,T.D. Bank Ser 11 Pr,TSE:TD.PF.F
18,T.D. Bank Ser 12 Pr,TSE:TD.PF.G
19,T.D. Bank Ser 14 Pr,TSE:TD.PF.H
20,T.D. Bank Ser S Pr,TSE:TD.PR.S
21,T.D. Bank Ser T Pr,TSE:TD.PR.T
22,T.D. Bank Ser Y Pr,TSE:TD.PR.Y
23,T.D. Bank Ser Z Pr,TSE:TD.PR.Z
24,,
1,Torstar Cl B NV,TSE:TS.B
2,Toscana Energy J,TSE:TEI
3,Toscana Energy Deb J,TSE:TEI.DB
4,Total Engy Serv Inc.,TSE:TOT
5,Touchstone Expl Inc.,TSE:TXP
6,Tourmaline Oil Corp.,TSE:TOU
7,TransAlta Corp.,TSE:TA
8,TransAlta Ser A Pr,TSE:TA.PR.D
9,TransAlta Ser B Pr,TSE:TA.PR.E
10,TransAlta Ser C Pr,TSE:TA.PR.F
11,TransAlta Ser E Pr,TSE:TA.PR.H
12,TransAlta Ser G Pr,TSE:TA.PR.J
13,TransAlta Renewable,TSE:RNW
14,Transat A.T. V & VV,TSE:TRZ
15,TransAtlantic Pete J,TSE:TNP
16,TransCan Corporation,TSE:TRP
17,TransCan Corp Pr 1,TSE:TRP.PR.A
18,TransCan Corp Pr 3,TSE:TRP.PR.B
19,TransCan Corp Pr 5,TSE:TRP.PR.C
20,TransCan Corp Pr 7,TSE:TRP.PR.D
21,TransCan Corp Pr 9,TSE:TRP.PR.E
22,TransCan Corp Pr 2,TSE:TRP.PR.F
23,TransCan Corp Pr 11,TSE:TRP.PR.G
24,TransCan Corp Pr 4,TSE:TRP.PR.H
25,TransCan Corp Pr 6,TSE:TRP.PR.I
26,TransCan Corp Pr 13,TSE:TRP.PR.J
27,,
1,Transcontinentl A SV,TSE:TCL.A
2,Transcontinentl B MV,TSE:TCL.B
3,TransForce Inc.,TSE:TFI
4,TransGlobe Energy J,TSE:TGL
5,TransGlobe Engy 6%Db,TSE:TGL.DB
6,Treasury Metals J,TSE:TML
7,Tree Island Steel,TSE:TSL
8,Trevali Mining J,TSE:TV
9,Trez Cap Mtg Invst A,TSE:TZZ
10,Trez CapSnrMtg Inv A,TSE:TZS
11,Triax Diversfd Units,TSE:TRH.UN
12,Trican Well Service,TSE:TCW
13,,
1,Tricon Capital Group,TSE:TCN
2,Tricon Cap 5.6% Deb,TSE:TCN.DB.A
3,Trident Performance Corp.,TSE:TCP
4,Trident Performance Corp. II,TSE:TCZ
5,Trillium Therpeutc J,TSE:TR
6,Trilogy Energy Corp.,TSE:TET
7,Trilogy Metals Inc J,TSE:TMQ
8,TriMetals Mining J,TSE:TMI
9,TriMetals Mng B NV J,TSE:TMI.B
10,Trinidad Drilling,TSE:TDG
11,True NthCommercl JUn,TSE:TNT.UN
12,TSO3 Inc. J,TSE:TOS
13,,
1,Tucows Inc.,TSE:TC
2,Turquoise Hill Res,TSE:TRQ
3,TVA Group Inc. B NV,TSE:TVA.B
4,TWC Enterprises Ltd.,TSE:TWC
5,,
1,US Bnk Incm&Gro T Un,TSE:PUB.UN
2,US Dividend Grow Eq,TSE:US
3,US Financl Incm A Un,TSE:USF.UN
4,US Housing Recovr Un,TSE:USH.UN
5,U3O8 Corp. J,TSE:UWE
6,UEX Corporation J,TSE:UEX
7,Uni-Select Inc.,TSE:UNS
8,Union Gas 5 1/2% Pr,TSE:UNG.PR.C
9,Union Gas 6% B Pr,TSE:UNG.PR.D
10,United Corporations,TSE:UNC
11,United Corp 1st Pr,TSE:UNC.PR.A
12,United Corp Pr 59,TSE:UNC.PR.B
13,United Corp Pr 63,TSE:UNC.PR.C
14,Ur-Energy Inc. J,TSE:URE
15,,
1,Uranium Participate,TSE:U
2,Urbana Corporation,TSE:URB
3,Urbana Corp. Cl A NV,TSE:URB.A
4,UrtheCast Corp. J,TSE:UR
5,US Buyback Leadrs Un,TSE:HUL
6,US BuybackLeadrUS Un,TSE:HUL.U
7,US Financial 15 Cl A,TSE:FTU
8,US Financial15 Pr 12,TSE:FTU.PR.B
9,Utility Corp Cl 'C',TSE:UTC.C
10,Utility Split B Pr,TSE:UST.PR.B
11,Utility Split Cap Un,TSE:UST.UN
12,,
1,Valeant Pharm Int'l,TSE:VRX
2,Valener Inc.,TSE:VNR
3,Valener Inc. Sr A Pr,TSE:VNR.PR.A
4,Valeura Energy Inc J,TSE:VLE
5,Vanguard Cdn Agr Bnd,TSE:VAB
6,Vanguard Cdn S-T Bnd,TSE:VSB
7,Vanguard S-T CrpBond,TSE:VSC
8,Vanguard CdaAllCapUn,TSE:VCN
9,Vanguard FTSE CdaIdx,TSE:VCE
10,Vanguard FTSECdnREIT,TSE:VRE
11,Vanguard FTSE DivYld,TSE:VDY
12,,
1,Vanguard exNA Idx Un,TSE:VIU
2,Vanguard exNA CA-Heg,TSE:VI
3,Vangrd FTSE Dev exUS,TSE:VDU
4,Vangrd Dev US CA-heg,TSE:VEF
5,Vanguard Dev AsiaPac,TSE:VA
6,Vanguard FTSEDevAsia,TSE:VAH
7,Vanguard FTSE Dev EU,TSE:VE
8,Vanguard FTSE DevEU,TSE:VEH
9,Vanguard FTSEEmrgMkt,TSE:VEE
10,Vanguard FTSEGlobeCA,TSE:VXC
11,,
1,Vanguard GlbxUS Aggr,TSE:VBG
2,Vanguard GlbLiqFactr,TSE:VLQ
3,Vanguard GlbMinVoltl,TSE:VVO
4,Vanguard GlbMomntFac,TSE:VMO
5,Vanguard GlbValFactr,TSE:VVL
6,Vanguard S&P500 Indx,TSE:VFV
7,Vanguard S&P500 C-Hg,TSE:VSP
8,Vanguard USAggre Bnd,TSE:VBU
9,Vanguard US DivAppr,TSE:VGG
10,Vanguard USDivCad-hg,TSE:VGH
11,,
1,Vanguard US MktIdxUn,TSE:VUN
2,Vanguard US TotMktUn,TSE:VUS
3,VBI Vaccines Inc. J,TSE:VBV
4,Vecima Networks Inc.,TSE:VCM
5,Velan Inc. SV,TSE:VLN
6,Verde Agritech Plc J,TSE:NPK
7,Veresen Inc.,TSE:VSN
8,Veresen Inc Ser A Pr,TSE:VSN.PR.A
9,Veresen Inc Ser C Pr,TSE:VSN.PR.C
10,Veresen Inc Ser E Pr,TSE:VSN.PR.E
11,Vermilion Energy Inc,TSE:VET
12,VersaBank J,TSE:VB
13,VersaBank Pr 1 J,TSE:VB.PR.A
14,VersaBank Pr 3 J,TSE:VB.PR.B
15,Village Farms Int'l,TSE:VFF
16,,
1,Vista Gold Corp,TSE:VGZ
2,ViXS Systems Inc. J,TSE:VXS
3,Voya DivrFltgLoan Un,TSE:IFL.UN
4,Voya FltgRt Sr US Un,TSE:ISL.U
5,Voya FltgRte Sr A Un,TSE:ISL.UN
6,Voya Glbl IncmSol Un,TSE:VGI.UN
7,Voya HiIncmFltg A Un,TSE:IHL.UN
8,,
1,Wajax Corporation,TSE:WJX
2,Wall Financial Corp,TSE:WFC
3,Wallbridge Mng Co J,TSE:WM
4,Waste Connections,TSE:WCN
5,Wellgreen Platinum J,TSE:WG
6,Wesdome Gold Mines,TSE:WDO
7,Wesdome Gold 7% Deb,TSE:WDO.DB.A
8,West Fraser Timber,TSE:WFT
9,Westcoast Engy 5.50%,TSE:W.PR.H
10,Westcoast Engy 5.60%,TSE:W.PR.J
11,Westcoast Engy Pr 10,TSE:W.PR.K
12,Westcoast Engy Pr 12,TSE:W.PR.M
13,Wstrn Copper & Gld J,TSE:WRN
14,Western Energy Serv,TSE:WRG
15,,
1,Western Forest Prod,TSE:WEF
2,Wstrn Potash Corp. J,TSE:WPX
3,WesternOne Inc.,TSE:WEQ
4,WesternOne 6.25% Deb,TSE:WEQ.DB
5,WestJet Airline VV&V,TSE:WJA
6,Westport Fuel Systems Inc.,TSE:WPRT
7,Westshore Terminals,TSE:WTE
8,Whitecap Resources J,TSE:WCP
9,Wi-Lan Inc.,TSE:WIN
10,Wilmington Cap A NV,TSE:WCM.A
11,Wilmington Cap B,TSE:WCM.B
12,Winpak Limited,TSE:WPK
13,,
1,WisdomTree EU HEG Eq,TSE:EHE
2,WisdomTreeIntlDynDvH,TSE:DQI
3,WisdomTreeIntlDivHeg,TSE:IQD
4,WisdomTreeIntlDvNN-H,TSE:IQD.B
5,WisdomTree USHiDvHeg,TSE:HID
6,WisdomTreeUSHiDvNNHG,TSE:HID.B
7,WisdomTreeUSQauDvDyn,TSE:DQD
8,WisdomTree USDivHegd,TSE:DGR
9,WisdomTree USDvNN-HG,TSE:DGR.B
10,World Fin Split Cl A,TSE:WFS
11,World Fin Split Pr,TSE:WFS.PR.A
12,WPT Industrl REIT US,TSE:WIR.U
13,WSP Global Inc.,TSE:WSP
14,,
1,Xtra-Gold Resource J,TSE:XTG
2,Xtreme Drilling J,TSE:XDC
3,,
1,Yamana Gold Inc.,TSE:YRI
2,Yangarra Res Ltd.,TSE:YGR
3,Yellow Pages Dgtl Db,TSE:YPG.DB
4,Yellow Pages Limited,TSE:Y
5,Yellow Pages Ltd. Wt,TSE:Y.WT
6,Yellowhead Mining J,TSE:YMI
7,YIELDPLUS Income Un,TSE:YP.UN
8,Yorbeau Res Cl A J,TSE:YRB.A
9,,
1,Zargon Oil & Gas Ltd,TSE:ZAR
2,Zargon Oil&Gas 6% Db,TSE:ZAR.DB
3,Zazu Metals Corp. J,TSE:ZAZ
4,ZCL Composites Inc,TSE:ZCL
5,,
